,Player,FantPos,Age,G,Y/A,Y/R,PPR,VBD,PosRank,OvRank,Year,Cmp/G,PassAtt/G,PassYds/G,PassTD/G,Int/G,RushAtt/G,RushYds/G,RushTD/G,Tgt/G,Rec/G,RecYds/G,RecTD/G,TotTD/G,PPG,ID,Next Year PPG
0,AJBrown,WR,23,14,0,15.36,247.5,51,9,28,2020,0.0,0.0,0.0,0.0,0.0,0.0,0.0,0.0,7.571,5.0,76.786,0.786,0.857,17.679,AJBrown2020,NaN
1,AJDillon,RB,22,11,5.26,10.50,40.3,0,76,0,2020,0.0,0.0,0.0,0.0,0.0,4.182,22.0,0.182,0.182,0.182,1.909,0.0,0.182,3.664,AJDillon2020,NaN
2,AJGreen,WR,32,16,0,11.13,111.3,0,76,0,2020,0.0,0.0,0.0,0.0,0.0,0.0,0.0,0.0,6.5,2.938,32.688,0.125,0.125,6.956,AJGreen2020,NaN
3,AJMcCarron,QB,30,2,0,0,0.8,0,76,0,2020,0.5,0.5,10.0,0.0,0.0,0.0,0.0,0.0,0.0,0.0,0.0,0.0,0.0,0.4,AJMcCarron2020,NaN
4,AaronJones,RB,26,14,5.49,7.55,258.9,82,5,13,2020,0.0,0.0,0.0,0.0,0.0,14.357,78.857,0.643,4.5,3.357,25.357,0.143,0.786,18.493,AaronJones2020,NaN
5,AaronRodgers,QB,37,16,3.92,-6.00,383.3,100,2,8,2020,23.25,32.875,268.688,3.0,0.312,2.375,9.312,0.188,0.062,0.062,-0.375,0.0,0.188,23.956,AaronRodgers2020,NaN
6,AdamHumphries,WR,27,7,0,9.91,57.8,0,112,0,2020,0.0,0.0,0.0,0.0,0.0,0.0,0.0,0.0,5.0,3.286,32.571,0.286,0.286,8.257,AdamHumphries2020,NaN
7,AdamShaheen,TE,26,16,0,12.50,45.0,0,46,0,2020,0.0,0.0,0.0,0.0,0.0,0.0,0.0,0.0,1.375,0.75,9.375,0.188,0.188,2.812,AdamShaheen2020,NaN
8,AdamThielen,WR,30,15,5.00,12.50,254.0,54,7,26,2020,0.0,0.0,0.0,0.0,0.0,0.2,1.0,0.0,7.2,4.933,61.667,0.933,0.933,16.933,AdamThielen2020,NaN
9,AdamTrautman,TE,23,15,0,11.40,38.1,0,59,0,2020,0.0,0.0,0.0,0.0,0.0,0.0,0.0,0.0,1.067,1.0,11.4,0.067,0.067,2.54,AdamTrautman2020,NaN
10,AdrianKillins,RB,22,1,-12.00,2.00,0,0,166,0,2020,0.0,0.0,0.0,0.0,0.0,1.0,-12.0,0.0,1.0,1.0,2.0,0.0,0.0,0.0,AdrianKillins2020,NaN
11,AdrianPeterson,RB,35,16,3.87,8.42,124.5,0,33,0,2020,0.0,0.0,0.0,0.0,0.0,9.75,37.75,0.438,1.125,0.75,6.312,0.0,0.438,7.781,AdrianPeterson2020,NaN
12,AlbertOkwuegbunam,TE,22,4,0,11.00,29.1,0,63,0,2020,0.0,0.0,0.0,0.0,0.0,0.0,0.0,0.0,3.75,2.75,30.25,0.25,0.25,7.275,AlbertOkwuegbunam2020,NaN
13,AlecIngold,RB,24,16,1.33,9.17,29.4,0,100,0,2020,0.0,0.0,0.0,0.0,0.0,0.188,0.25,0.0,1.062,0.75,6.875,0.062,0.062,1.838,AlecIngold2020,NaN
14,AlexArmah,RB,26,16,1.50,3.60,7.7,0,143,0,2020,0.0,0.0,0.0,0.0,0.0,0.375,0.562,0.0,0.562,0.312,1.125,0.0,0.0,0.481,AlexArmah2020,NaN
15,AlexCollins,RB,26,3,4.28,4.00,21.1,0,95,0,2020,0.0,0.0,0.0,0.0,0.0,6.0,25.667,0.667,0.667,0.333,1.333,0.0,0.667,7.033,AlexCollins2020,NaN
16,AlexErickson,WR,28,16,1.40,11.58,22.6,0,165,0,2020,0.0,0.062,0.0,0.0,0.0,0.312,0.438,0.0,1.062,0.75,8.688,0.0,0.0,1.412,AlexErickson2020,NaN
17,AlexSmith,QB,36,8,0.30,0,71.6,0,36,0,2020,21.0,31.5,197.75,0.75,1.0,1.25,0.375,0.0,0.0,0.0,0.0,0.0,0.0,8.95,AlexSmith2020,NaN
18,AlexanderMattison,RB,22,13,4.52,9.62,86.9,0,50,0,2020,0.0,0.0,0.0,0.0,0.0,7.385,33.385,0.154,1.154,1.0,9.615,0.077,0.231,6.685,AlexanderMattison2020,NaN
19,AlfredMorris,RB,32,9,4.33,6.33,40.7,0,78,0,2020,0.0,0.0,0.0,0.0,0.0,6.111,26.444,0.111,0.444,0.333,2.111,0.111,0.222,4.522,AlfredMorris2020,NaN
20,AllenLazard,WR,25,10,8.50,13.67,97.8,0,75,0,2020,0.0,0.0,0.0,0.0,0.0,0.2,1.7,0.0,4.6,3.3,45.1,0.3,0.3,9.78,AllenLazard2020,NaN
21,AllenRobinson,WR,27,16,-1.00,12.25,262.9,35,12,38,2020,0.0,0.0,0.0,0.0,0.0,0.062,-0.062,0.0,9.438,6.375,78.125,0.375,0.375,16.431,AllenRobinson2020,NaN
22,AlshonJeffery,WR,30,7,0,19.17,23.5,0,144,0,2020,0.0,0.0,0.0,0.0,0.0,0.0,0.0,0.0,1.857,0.857,16.429,0.143,0.143,3.357,AlshonJeffery2020,NaN
23,AlvinKamara,RB,25,15,4.98,9.11,377.8,165,2,2,2020,0.0,0.0,0.0,0.0,0.0,12.467,62.133,1.067,7.133,5.533,50.4,0.333,1.4,25.187,AlvinKamara2020,NaN
24,AmariCooper,WR,26,16,2.33,12.11,236.8,18,20,52,2020,0.0,0.0,0.0,0.0,0.0,0.375,0.875,0.0,8.125,5.75,69.625,0.312,0.312,14.8,AmariCooper2020,NaN
25,AmeerAbdullah,RB,27,16,5.25,7.25,30.0,0,93,0,2020,0.0,0.0,0.0,0.0,0.0,0.5,2.625,0.0,0.562,0.5,3.625,0.125,0.125,1.875,AmeerAbdullah2020,NaN
26,AndreRoberts,WR,32,15,-3.00,8.50,3.1,0,245,0,2020,0.0,0.0,0.0,0.0,0.0,0.067,-0.2,0.0,0.333,0.267,2.267,0.0,0.0,0.207,AndreRoberts2020,NaN
27,AndrewBeck,0,24,10,0,0,0,0,115,0,2020,0.0,0.0,0.0,0.0,0.0,0.0,0.0,0.0,0.0,0.0,0.0,0.0,0.0,0.0,AndrewBeck2020,NaN
28,AndyDalton,QB,33,11,4.07,-3.00,136.9,0,29,0,2020,19.636,30.273,197.273,1.273,0.727,2.545,10.364,0.0,0.091,0.091,-0.273,0.0,0.0,12.445,AndyDalton2020,NaN
29,AndyIsabella,WR,24,13,-6.00,10.67,54.8,0,114,0,2020,0.0,0.0,0.0,0.0,0.0,0.077,-0.462,0.0,2.692,1.615,17.231,0.154,0.154,4.215,AndyIsabella2020,NaN
30,AndyJanovich,RB,27,14,2.00,6.50,3.7,0,146,0,2020,0.0,0.0,0.0,0.0,0.0,0.143,0.286,0.0,0.357,0.143,0.929,0.0,0.0,0.264,AndyJanovich2020,NaN
31,AnthonyFirkser,TE,25,16,0,9.92,83.7,0,32,0,2020,0.0,0.0,0.0,0.0,0.0,0.0,0.0,0.0,3.312,2.438,24.188,0.062,0.062,5.231,AnthonyFirkser2020,NaN
32,AnthonyMcFarlandJr,RB,21,11,3.42,9.00,22.7,0,101,0,2020,0.0,0.0,0.0,0.0,0.0,3.0,10.273,0.0,0.818,0.545,4.909,0.0,0.0,2.064,AnthonyMcFarlandJr2020,NaN
33,AnthonyMiller,WR,26,16,6.00,9.90,108.7,0,85,0,2020,0.0,0.0,0.0,0.0,0.0,0.125,0.75,0.0,4.75,3.062,30.312,0.125,0.125,6.794,AnthonyMiller2020,NaN
34,AnthonySherman,RB,32,13,2.67,5.00,8.3,0,128,0,2020,0.0,0.0,0.0,0.0,0.0,0.231,0.615,0.0,0.154,0.077,0.385,0.077,0.077,0.638,AnthonySherman2020,NaN
35,AntonioBrown,WR,32,8,-1.00,10.73,117.1,0,67,0,2020,0.0,0.0,0.0,0.0,0.0,0.25,-0.25,0.0,7.75,5.625,60.375,0.5,0.5,14.638,AntonioBrown2020,NaN
36,AntonioCallaway,WR,23,5,0,10.00,4.0,0,202,0,2020,0.0,0.0,0.0,0.0,0.0,0.0,0.0,0.0,0.8,0.4,4.0,0.0,0.0,0.8,AntonioCallaway2020,NaN
37,AntonioGandyGolden,WR,22,6,22.00,3.00,3.5,0,199,0,2020,0.0,0.0,0.0,0.0,0.0,0.167,3.667,0.0,1.167,0.167,0.5,0.0,0.0,0.583,AntonioGandyGolden2020,NaN
38,AntonioGibson,RB,22,14,4.68,6.86,202.2,36,14,37,2020,0.0,0.0,0.0,0.0,0.0,12.143,56.786,0.786,3.143,2.571,17.643,0.0,0.786,14.443,AntonioGibson2020,NaN
39,AntonioWilliams,RB,23,1,5.25,20.00,21.3,0,94,0,2020,0.0,0.0,0.0,0.0,0.0,12.0,63.0,2.0,1.0,1.0,20.0,0.0,2.0,21.3,AntonioWilliams2020,NaN
40,AntonyAuclair,0,27,8,0,0,0,0,126,0,2020,0.0,0.0,0.0,0.0,0.0,0.0,0.0,0.0,0.125,0.0,0.0,0.0,0.0,0.0,AntonyAuclair2020,NaN
41,ArtavisPierce,RB,24,5,5.67,0,9.4,0,121,0,2020,0.0,0.0,0.0,0.0,0.0,1.2,6.8,0.2,0.0,0.0,0.0,0.0,0.2,1.88,ArtavisPierce2020,NaN
42,AshtonDulin,WR,23,13,5.50,17.67,9.4,0,178,0,2020,0.0,0.0,0.0,0.0,0.0,0.154,0.846,0.0,0.462,0.231,4.077,0.0,0.0,0.723,AshtonDulin2020,NaN
43,AudenTate,WR,23,9,0,10.71,29.0,0,155,0,2020,0.0,0.0,0.0,0.0,0.0,0.0,0.0,0.0,2.444,1.556,16.667,0.0,0.0,3.222,AudenTate2020,NaN
44,AustinCarr,WR,27,6,0,9.00,11.7,0,172,0,2020,0.0,0.0,0.0,0.0,0.0,0.0,0.0,0.0,0.667,0.5,4.5,0.167,0.167,1.95,AustinCarr2020,NaN
45,AustinEkeler,RB,25,10,4.57,7.46,165.3,0,35,0,2020,0.0,0.0,0.0,0.0,0.0,11.6,53.0,0.1,6.5,5.4,40.3,0.2,0.3,16.53,AustinEkeler2020,NaN
46,AustinHooper,TE,26,13,0,9.46,113.5,0,22,0,2020,0.0,0.0,0.0,0.0,0.0,0.0,0.0,0.0,5.385,3.538,33.462,0.308,0.308,8.731,AustinHooper2020,NaN
47,AustinMack,WR,23,11,0,13.00,16.1,0,170,0,2020,0.0,0.0,0.0,0.0,0.0,0.0,0.0,0.0,1.0,0.636,8.273,0.0,0.0,1.464,AustinMack2020,NaN
48,AustinWalter,RB,24,4,3.00,27.00,4.0,0,142,0,2020,0.0,0.0,0.0,0.0,0.0,0.25,0.75,0.0,0.25,0.25,6.75,0.0,0.0,1.0,AustinWalter2020,NaN
49,BakerMayfield,QB,25,16,3.06,6.00,248.6,0,17,0,2020,19.062,30.375,222.688,1.625,0.5,3.375,10.312,0.062,0.062,0.062,0.375,0.0,0.062,15.538,BakerMayfield2020,NaN
50,BenDiNucci,QB,24,3,3.67,0,7.0,0,64,0,2020,7.667,14.333,73.0,0.0,0.0,2.0,7.333,0.0,0.0,0.0,0.0,0.0,0.0,2.333,BenDiNucci2020,NaN
51,BenEllefson,TE,24,7,0,10.00,4.0,0,97,0,2020,0.0,0.0,0.0,0.0,0.0,0.0,0.0,0.0,0.571,0.143,1.429,0.0,0.0,0.571,BenEllefson2020,NaN
52,BenRoethlisberger,QB,38,15,0.44,0,267.2,0,14,0,2020,26.6,40.533,253.533,2.2,0.667,1.667,0.733,0.0,0.0,0.0,0.0,0.0,0.0,17.813,BenRoethlisberger2020,NaN
53,BennieFowler,WR,29,5,0,5.50,3.1,0,212,0,2020,0.0,0.0,0.0,0.0,0.0,0.0,0.0,0.0,1.2,0.4,2.2,0.0,0.0,0.62,BennieFowler2020,NaN
54,BennySnellJr,RB,22,16,3.32,6.10,74.9,0,58,0,2020,0.0,0.0,0.0,0.0,0.0,6.938,23.0,0.25,0.875,0.625,3.812,0.0,0.25,4.681,BennySnellJr2020,NaN
55,BlaineGabbert,QB,31,4,1.78,0,15.3,0,52,0,2020,2.25,4.0,35.75,0.5,0.0,2.25,4.0,0.0,0.0,0.0,0.0,0.0,0.0,3.825,BlaineGabbert2020,NaN
56,BlakeBell,TE,29,16,2.00,10.00,22.2,0,71,0,2020,0.0,0.0,0.0,0.0,0.0,0.062,0.125,0.0,0.938,0.688,6.875,0.0,0.0,1.388,BlakeBell2020,NaN
57,BlakeJarwin,TE,26,1,0,12.00,2.2,0,105,0,2020,0.0,0.0,0.0,0.0,0.0,0.0,0.0,0.0,1.0,1.0,12.0,0.0,0.0,2.2,BlakeJarwin2020,NaN
58,BoScarbrough,RB,26,1,5.17,0,3.1,0,141,0,2020,0.0,0.0,0.0,0.0,0.0,6.0,31.0,0.0,0.0,0.0,0.0,0.0,0.0,3.1,BoScarbrough2020,NaN
59,BostonScott,RB,25,16,4.68,8.48,95.6,0,52,0,2020,0.0,0.0,0.0,0.0,0.0,5.0,23.375,0.062,2.25,1.562,13.25,0.062,0.125,5.975,BostonScott2020,NaN
60,BrandinCooks,WR,27,15,0,14.20,232.0,25,16,44,2020,0.0,0.0,0.0,0.0,0.0,0.0,0.0,0.0,7.933,5.4,76.667,0.4,0.4,15.467,BrandinCooks2020,NaN
61,BrandonAiyuk,WR,22,12,12.83,12.47,184.5,0,34,0,2020,0.0,0.0,0.0,0.0,0.0,0.5,6.417,0.167,8.0,5.0,62.333,0.417,0.583,15.375,BrandonAiyuk2020,NaN
62,BrandonAllen,QB,28,5,2.08,0,49.7,0,42,0,2020,18.0,28.4,185.0,1.0,0.8,2.6,5.4,0.0,0.2,0.0,0.0,0.0,0.0,9.94,BrandonAllen2020,NaN
63,BrandonDillon,TE,23,3,0,6.00,1.6,0,108,0,2020,0.0,0.0,0.0,0.0,0.0,0.0,0.0,0.0,0.333,0.333,2.0,0.0,0.0,0.533,BrandonDillon2020,NaN
64,BrandonPowell,WR,25,15,3.50,5.75,29.6,0,143,0,2020,0.0,0.0,0.0,0.0,0.0,0.133,0.467,0.0,1.2,0.8,4.6,0.133,0.133,1.973,BrandonPowell2020,NaN
65,BrandonZylstra,WR,27,16,1.00,11.67,12.6,0,168,0,2020,0.0,0.0,0.0,0.0,0.0,0.062,0.062,0.0,0.25,0.188,2.188,0.0,0.062,0.788,BrandonZylstra2020,NaN
66,BraxtonBerrios,WR,25,16,9.67,10.65,97.3,0,83,0,2020,0.0,0.0,0.0,0.0,0.0,0.188,1.812,0.0,3.438,2.312,24.625,0.188,0.188,6.081,BraxtonBerrios2020,NaN
67,BreshadPerriman,WR,27,12,6.00,16.83,99.1,0,71,0,2020,0.0,0.0,0.0,0.0,0.0,0.083,0.5,0.0,5.0,2.5,42.083,0.25,0.25,8.258,BreshadPerriman2020,NaN
68,BrettRypien,QB,24,3,-1.00,0,11.3,0,58,0,2020,9.0,13.333,98.333,0.667,1.333,1.667,-1.667,0.0,0.0,0.0,0.0,0.0,0.0,3.767,BrettRypien2020,NaN
69,BrianHill,RB,25,16,4.65,7.96,95.4,0,53,0,2020,0.0,0.0,0.0,0.0,0.0,6.25,29.062,0.062,1.875,1.562,12.438,0.0,0.062,5.962,BrianHill2020,NaN
70,BrianHoyer,QB,35,1,8.00,0,2.0,0,70,0,2020,15.0,24.0,130.0,0.0,1.0,1.0,8.0,0.0,0.0,0.0,0.0,0.0,0.0,2.0,BrianHoyer2020,NaN
71,BruceMiller,RB,33,8,0,2.00,1.2,0,162,0,2020,0.0,0.0,0.0,0.0,0.0,0.0,0.0,0.0,0.25,0.125,0.25,0.0,0.0,0.15,BruceMiller2020,NaN
72,BryanEdwards,WR,22,12,0,17.55,36.3,0,130,0,2020,0.0,0.0,0.0,0.0,0.0,0.0,0.0,0.0,1.25,0.917,16.083,0.083,0.083,3.025,BryanEdwards2020,NaN
73,BuddyHowell,RB,24,14,4.00,3.00,7.7,0,130,0,2020,0.0,0.0,0.0,0.0,0.0,1.143,4.571,0.0,0.143,0.071,0.214,0.0,0.0,0.55,BuddyHowell2020,NaN
74,ByronPringle,WR,27,13,0,12.31,41.0,0,123,0,2020,0.0,0.0,0.0,0.0,0.0,0.0,0.0,0.0,1.308,1.0,12.308,0.077,0.154,3.154,ByronPringle2020,NaN
75,CJBeathard,QB,27,6,4.67,0,52.3,0,41,0,2020,11.0,17.333,131.167,1.0,0.0,1.0,4.667,0.0,0.0,0.0,0.0,0.0,0.0,8.717,CJBeathard2020,NaN
76,CJBoard,WR,27,14,3.00,9.18,21.4,0,167,0,2020,0.0,0.0,0.0,0.0,0.0,0.071,0.214,0.0,1.143,0.786,7.214,0.0,0.0,1.529,CJBoard2020,NaN
77,CJGoodwin,0,30,16,0,0,0,0,236,0,2020,0.0,0.0,0.0,0.0,0.0,0.0,0.0,0.0,0.062,0.0,0.0,0.0,0.0,0.0,CJGoodwin2020,NaN
78,CJHam,RB,27,15,3.60,12.13,25.5,0,99,0,2020,0.0,0.0,0.0,0.0,0.0,0.333,1.2,0.0,0.867,0.533,6.467,0.067,0.067,1.7,CJHam2020,NaN
79,CJProsise,RB,26,10,1.90,3.60,12.7,0,126,0,2020,0.0,0.0,0.0,0.0,0.0,1.0,1.9,0.0,0.5,0.5,1.8,0.1,0.1,1.27,CJProsise2020,NaN
80,CJUzomah,TE,27,2,0,10.88,22.7,0,69,0,2020,0.0,0.0,0.0,0.0,0.0,0.0,0.0,0.0,5.5,4.0,43.5,0.5,0.5,11.35,CJUzomah2020,NaN
81,CalebWilson,0,24,5,0,0,0,0,121,0,2020,0.0,0.0,0.0,0.0,0.0,0.0,0.0,0.0,0.0,0.0,0.0,0.0,0.0,0.0,CalebWilson2020,NaN
82,CalvinRidley,WR,26,15,0.20,15.27,281.5,65,4,20,2020,0.0,0.0,0.0,0.0,0.0,0.333,0.067,0.0,9.533,6.0,91.6,0.6,0.6,18.767,CalvinRidley2020,NaN
83,CamAkers,RB,21,13,4.31,11.18,101.8,0,42,0,2020,0.0,0.0,0.0,0.0,0.0,11.154,48.077,0.154,1.077,0.846,9.462,0.077,0.231,7.831,CamAkers2020,NaN
84,CamNewton,QB,31,15,4.32,17.50,261.0,0,16,0,2020,16.133,24.533,177.133,0.533,0.667,9.133,39.467,0.8,0.133,0.133,2.333,0.067,0.867,17.4,CamNewton2020,NaN
85,CamSims,WR,24,16,5.00,14.91,86.2,0,92,0,2020,0.0,0.0,0.0,0.0,0.0,0.062,0.312,0.0,3.0,2.0,29.812,0.062,0.062,5.388,CamSims2020,NaN
86,CameronBatson,WR,25,12,5.00,8.33,30.0,0,141,0,2020,0.0,0.0,0.0,0.0,0.0,0.333,1.667,0.0,1.083,1.0,8.333,0.083,0.083,2.5,CameronBatson2020,NaN
87,CameronBrate,TE,29,16,0,10.07,68.2,0,38,0,2020,0.0,0.0,0.0,0.0,0.0,0.0,0.0,0.0,2.125,1.75,17.625,0.125,0.125,4.262,CameronBrate2020,NaN
88,CarlosHyde,RB,30,10,4.40,5.81,84.9,0,54,0,2020,0.0,0.0,0.0,0.0,0.0,8.1,35.6,0.4,2.0,1.6,9.3,0.0,0.4,8.49,CarlosHyde2020,NaN
89,CarsonWentz,QB,28,12,5.31,0,198.4,0,22,0,2020,20.917,36.417,218.333,1.333,1.25,4.333,23.0,0.417,0.0,0.0,0.0,0.0,0.417,16.533,CarsonWentz2020,NaN
90,CaseKeenum,QB,32,2,0,0,1.8,0,72,0,2020,2.5,5.0,23.0,0.0,0.0,0.0,0.0,0.0,0.0,0.0,0.0,0.0,0.0,0.9,CaseKeenum2020,NaN
91,CedrickWilsonJr,WR,25,16,-4.00,11.12,51.6,0,113,0,2020,0.125,0.125,1.438,0.062,0.0,0.188,-0.75,0.0,1.75,1.062,11.812,0.125,0.125,3.225,CedrickWilsonJr2020,NaN
92,CeeDeeLamb,WR,21,16,8.20,12.64,217.7,17,21,55,2020,0.0,0.0,0.0,0.0,0.0,0.625,5.125,0.062,6.938,4.625,58.438,0.312,0.438,13.606,CeeDeeLamb2020,NaN
93,CethanCarter,TE,25,15,0,10.60,10.3,0,86,0,2020,0.0,0.0,0.0,0.0,0.0,0.0,0.0,0.0,0.467,0.333,3.533,0.0,0.0,0.687,CethanCarter2020,NaN
94,ChadBeebe,WR,26,14,0,10.05,50.1,0,119,0,2020,0.0,0.0,0.0,0.0,0.0,0.0,0.0,0.0,2.143,1.429,14.357,0.143,0.143,3.579,ChadBeebe2020,NaN
95,ChadHansen,WR,25,5,0,13.88,46.6,0,120,0,2020,0.0,0.0,0.0,0.0,0.0,0.0,0.0,0.0,4.8,3.4,47.2,0.2,0.2,9.32,ChadHansen2020,NaN
96,ChadHenne,QB,35,3,-0.29,0,23.7,0,47,0,2020,9.333,12.667,82.667,0.667,0.0,2.333,-0.667,0.333,0.0,0.0,0.0,0.0,0.333,7.9,ChadHenne2020,NaN
97,ChandlerCox,RB,24,8,0,4.50,2.9,0,152,0,2020,0.0,0.0,0.0,0.0,0.0,0.0,0.0,0.0,0.25,0.25,1.125,0.0,0.0,0.362,ChandlerCox2020,NaN
98,CharlieWoerner,TE,23,14,0,12.00,6.6,0,93,0,2020,0.0,0.0,0.0,0.0,0.0,0.0,0.0,0.0,0.286,0.214,2.571,0.0,0.0,0.471,CharlieWoerner2020,NaN
99,ChaseClaypool,WR,22,16,1.60,14.08,214.9,27,14,42,2020,0.0,0.0,0.0,0.0,0.0,0.625,1.0,0.125,6.812,3.875,54.562,0.562,0.688,13.431,ChaseClaypool2020,NaN
100,ChaseDaniel,QB,34,4,8.00,0,12.2,0,56,0,2020,7.25,10.75,66.0,0.25,0.5,0.5,4.0,0.0,0.0,0.0,0.0,0.0,0.0,3.05,ChaseDaniel2020,NaN
101,ChaseEdmonds,RB,24,16,4.62,7.58,168.0,0,30,0,2020,0.0,0.0,0.0,0.0,0.0,6.062,28.0,0.062,4.188,3.312,25.125,0.25,0.312,10.5,ChaseEdmonds2020,NaN
102,ChrisCarson,RB,26,12,4.83,7.76,187.8,21,16,48,2020,0.0,0.0,0.0,0.0,0.0,11.75,56.75,0.417,3.833,3.083,23.917,0.333,0.75,15.65,ChrisCarson2020,NaN
103,ChrisConley,WR,28,15,0,11.78,97.1,0,89,0,2020,0.0,0.0,0.0,0.0,0.0,0.0,0.0,0.0,4.2,2.667,31.4,0.133,0.133,6.473,ChrisConley2020,NaN
104,ChrisGodwin,WR,24,12,0,12.92,191.0,0,31,0,2020,0.0,0.0,0.0,0.0,0.0,0.0,0.0,0.0,7.0,5.417,70.0,0.583,0.583,15.917,ChrisGodwin2020,NaN
105,ChrisHerndon,TE,24,16,0,9.26,73.7,0,34,0,2020,0.0,0.0,0.0,0.0,0.0,0.0,0.0,0.0,2.812,1.938,17.938,0.188,0.188,4.606,ChrisHerndon2020,NaN
106,ChrisHogan,WR,33,5,0,8.43,25.8,0,161,0,2020,0.0,0.0,0.0,0.0,0.0,0.0,0.0,0.0,5.2,2.8,23.6,0.0,0.0,5.16,ChrisHogan2020,NaN
107,ChrisManhertz,TE,28,16,0,8.67,11.2,0,87,0,2020,0.0,0.0,0.0,0.0,0.0,0.0,0.0,0.0,0.5,0.375,3.25,0.0,0.0,0.7,ChrisManhertz2020,NaN
108,ChrisMoore,0,27,3,0,0,0,0,239,0,2020,0.0,0.0,0.0,0.0,0.0,0.0,0.0,0.0,0.0,0.0,0.0,0.0,0.0,0.0,ChrisMoore2020,NaN
109,ChrisStreveler,QB,25,5,3.75,0,7.7,0,63,0,2020,2.2,3.2,21.0,0.2,0.2,0.8,3.0,0.0,0.0,0.0,0.0,0.0,0.0,1.54,ChrisStreveler2020,NaN
110,ChrisThompson,RB,30,8,2.86,7.30,42.6,0,92,0,2020,0.0,0.0,0.0,0.0,0.0,0.875,2.5,0.0,2.875,2.5,18.25,0.125,0.125,5.325,ChrisThompson2020,NaN
111,ChristianBlake,WR,24,16,0,10.85,27.1,0,157,0,2020,0.0,0.0,0.0,0.0,0.0,0.0,0.0,0.0,1.125,0.812,8.812,0.0,0.0,1.694,ChristianBlake2020,NaN
112,ChristianKirk,WR,24,14,1.50,12.94,146.4,0,52,0,2020,0.0,0.0,0.0,0.0,0.0,0.143,0.214,0.0,5.643,3.429,44.357,0.429,0.429,10.457,ChristianKirk2020,NaN
113,ChristianMcCaffrey,RB,24,3,3.81,8.76,90.4,0,51,0,2020,0.0,0.0,0.0,0.0,0.0,19.667,75.0,1.667,6.333,5.667,49.667,0.333,2.0,30.133,ChristianMcCaffrey2020,NaN
114,ClarkHarris,0,36,16,0,0,0,0,118,0,2020,0.0,0.0,0.0,0.0,0.0,0.0,0.0,0.0,0.0,0.0,0.0,0.0,0.0,0.0,ClarkHarris2020,NaN
115,ClydeEdwardsHelaire,RB,21,13,4.44,8.25,176.0,10,22,65,2020,0.0,0.0,0.0,0.0,0.0,13.923,61.769,0.308,4.154,2.769,22.846,0.077,0.385,13.538,ClydeEdwardsHelaire2020,NaN
116,CodyHollister,WR,27,2,0,12.00,2.2,0,211,0,2020,0.0,0.0,0.0,0.0,0.0,0.0,0.0,0.0,0.5,0.5,6.0,0.0,0.0,1.1,CodyHollister2020,NaN
117,ColbyParkinson,TE,21,6,0,8.00,3.6,0,99,0,2020,0.0,0.0,0.0,0.0,0.0,0.0,0.0,0.0,0.333,0.333,2.667,0.0,0.0,0.6,ColbyParkinson2020,NaN
118,ColeBeasley,WR,31,15,0,11.79,207.5,0,32,0,2020,0.067,0.067,1.333,0.067,0.0,0.0,0.0,0.0,7.133,5.467,64.467,0.267,0.267,13.833,ColeBeasley2020,NaN
119,ColeKmet,TE,21,16,-3.00,8.68,62.0,0,43,0,2020,0.0,0.0,0.0,0.0,0.0,0.062,-0.188,0.0,2.75,1.75,15.188,0.125,0.125,3.875,ColeKmet2020,NaN
120,ColinThompson,TE,27,15,0,7.00,7.7,0,81,0,2020,0.0,0.0,0.0,0.0,0.0,0.0,0.0,0.0,0.133,0.067,0.467,0.067,0.067,0.513,ColinThompson2020,NaN
121,CollinJohnson,WR,23,14,0,15.11,59.2,0,107,0,2020,0.0,0.0,0.0,0.0,0.0,0.0,0.0,0.0,2.214,1.286,19.429,0.143,0.143,4.229,CollinJohnson2020,NaN
122,ColtMcCoy,QB,34,4,1.33,0,18.2,0,51,0,2020,10.0,16.5,93.75,0.25,0.25,2.25,3.0,0.0,0.0,0.0,0.0,0.0,0.0,4.55,ColtMcCoy2020,NaN
123,CooperKupp,WR,27,15,8.25,10.59,208.7,0,35,0,2020,0.0,0.0,0.0,0.0,0.0,0.267,2.2,0.0,8.267,6.133,64.933,0.2,0.2,13.913,CooperKupp2020,NaN
124,CordarrellePatterson,WR,29,16,3.63,6.29,69.4,0,98,0,2020,0.0,0.0,0.0,0.0,0.0,4.0,14.5,0.062,1.562,1.312,8.25,0.0,0.125,4.338,CordarrellePatterson2020,NaN
125,CoreyClement,RB,26,15,3.57,5.00,21.0,0,104,0,2020,0.0,0.0,0.0,0.0,0.0,1.4,5.0,0.067,0.4,0.333,1.667,0.0,0.067,1.4,CoreyClement2020,NaN
126,CoreyDavis,WR,25,14,0,15.14,191.4,0,30,0,2020,0.0,0.0,0.0,0.0,0.0,0.0,0.0,0.0,6.571,4.643,70.286,0.357,0.357,13.671,CoreyDavis2020,NaN
127,CourtlandSutton,WR,25,1,0,22.00,9.6,0,177,0,2020,0.0,0.0,0.0,0.0,0.0,0.0,0.0,0.0,6.0,3.0,66.0,0.0,0.0,9.6,CourtlandSutton2020,NaN
128,CraigReynolds,RB,24,2,4.00,3.00,1.7,0,156,0,2020,0.0,0.0,0.0,0.0,0.0,0.5,2.0,0.0,0.5,0.5,1.5,0.0,0.0,0.85,CraigReynolds2020,NaN
129,CullenGillaspia,RB,25,7,0,6.00,1.6,0,159,0,2020,0.0,0.0,0.0,0.0,0.0,0.0,0.0,0.0,0.143,0.143,0.857,0.0,0.0,0.229,CullenGillaspia2020,NaN
130,CurtisSamuel,WR,24,15,4.88,11.05,212.1,9,26,68,2020,0.0,0.0,0.0,0.0,0.0,2.733,13.333,0.133,6.467,5.133,56.733,0.2,0.333,14.14,CurtisSamuel2020,NaN
131,CyrilGrayson,0,27,3,0,0,0,0,221,0,2020,0.0,0.0,0.0,0.0,0.0,0.0,0.0,0.0,1.0,0.0,0.0,0.0,0.0,0.0,CyrilGrayson2020,NaN
132,DAndreSwift,RB,21,13,4.57,7.76,189.8,14,20,60,2020,0.0,0.0,0.0,0.0,0.0,8.769,40.077,0.615,4.385,3.538,27.462,0.154,0.769,14.6,DAndreSwift2020,NaN
133,DErnestJohnson,RB,24,16,5.03,4.67,21.0,0,98,0,2020,0.0,0.0,0.0,0.0,0.0,2.062,10.375,0.0,0.25,0.188,0.875,0.0,0.0,1.312,DErnestJohnson2020,NaN
134,DJChark,WR,24,13,0,13.32,153.6,0,49,0,2020,0.0,0.0,0.0,0.0,0.0,0.0,0.0,0.0,7.154,4.077,54.308,0.385,0.385,11.815,DJChark2020,NaN
135,DJFoster,RB,27,10,1.00,7.00,1.9,0,154,0,2020,0.0,0.0,0.0,0.0,0.0,0.2,0.2,0.0,0.1,0.1,0.7,0.0,0.0,0.19,DJFoster2020,NaN
136,DJMoore,WR,23,15,11.00,18.08,211.5,19,18,50,2020,0.0,0.067,0.0,0.0,0.0,0.133,1.467,0.0,7.867,4.4,79.533,0.267,0.267,14.1,DJMoore2020,NaN
137,DKMetcalf,WR,23,16,0,15.70,271.3,62,5,21,2020,0.0,0.0,0.0,0.0,0.0,0.0,0.0,0.0,8.062,5.188,81.438,0.625,0.625,16.956,DKMetcalf2020,NaN
138,DOntaForeman,RB,24,6,4.32,5.00,17.0,0,103,0,2020,0.0,0.0,0.0,0.0,0.0,3.667,15.833,0.0,0.167,0.167,0.833,0.167,0.167,2.833,DOntaForeman2020,NaN
139,DaeSeanHamilton,WR,25,16,0,12.74,62.3,0,109,0,2020,0.0,0.0,0.0,0.0,0.0,0.0,0.0,0.0,2.75,1.438,18.312,0.125,0.125,3.894,DaeSeanHamilton2020,NaN
140,DakPrescott,QB,27,5,5.17,11.00,135.6,0,31,0,2020,30.2,44.4,371.2,1.8,0.8,3.6,18.6,0.6,0.2,0.2,2.2,0.2,0.8,27.12,DakPrescott2020,NaN
141,DallasGoedert,TE,25,11,0,11.39,116.4,0,20,0,2020,0.0,0.0,0.0,0.0,0.0,0.0,0.0,0.0,5.909,4.182,47.636,0.273,0.273,10.582,DallasGoedert2020,NaN
142,DaltonKeene,TE,21,6,0,5.33,4.6,0,101,0,2020,0.0,0.0,0.0,0.0,0.0,0.0,0.0,0.0,0.833,0.5,2.667,0.0,0.0,0.767,DaltonKeene2020,NaN
143,DaltonSchultz,TE,24,16,0,9.76,146.5,0,17,0,2020,0.0,0.0,0.0,0.0,0.0,0.0,0.0,0.0,5.562,3.938,38.438,0.25,0.25,9.156,DaltonSchultz2020,NaN
144,DalvinCook,RB,25,14,4.99,8.20,337.8,164,3,3,2020,0.0,0.0,0.0,0.0,0.0,22.286,111.214,1.143,3.857,3.143,25.786,0.071,1.214,24.129,DalvinCook2020,NaN
145,DamienHarris,RB,23,10,5.04,10.40,91.3,0,44,0,2020,0.0,0.0,0.0,0.0,0.0,13.7,69.1,0.2,0.7,0.5,5.2,0.0,0.2,9.13,DamienHarris2020,NaN
146,DamiereByrd,WR,27,16,7.50,12.85,114.9,0,74,0,2020,0.0,0.0,0.0,0.0,0.0,0.125,0.938,0.0,4.812,2.938,37.75,0.062,0.062,7.181,DamiereByrd2020,NaN
147,DamionRatley,WR,25,5,0,15.75,10.3,0,180,0,2020,0.0,0.0,0.0,0.0,0.0,0.0,0.0,0.0,2.0,0.8,12.6,0.0,0.0,2.06,DamionRatley2020,NaN
148,DanArnold,TE,25,16,0,14.13,96.8,0,23,0,2020,0.0,0.0,0.0,0.0,0.0,0.0,0.0,0.0,2.812,1.938,27.375,0.25,0.25,6.05,DanArnold2020,NaN
149,DanielBrown,WR,28,16,0,15.50,5.1,0,195,0,2020,0.0,0.0,0.0,0.0,0.0,0.0,0.0,0.0,0.125,0.125,1.938,0.0,0.0,0.319,DanielBrown2020,NaN
150,DanielJones,QB,23,14,6.51,0,180.0,0,24,0,2020,20.0,32.0,210.214,0.786,0.714,4.643,30.214,0.071,0.0,0.0,0.0,0.0,0.071,12.857,DanielJones2020,NaN
151,DannyAmendola,WR,35,14,2.00,13.09,106.4,0,82,0,2020,0.0,0.0,0.0,0.0,0.0,0.071,0.143,0.0,4.929,3.286,43.0,0.0,0.0,7.6,DannyAmendola2020,NaN
152,DantePettis,WR,25,7,0,19.00,15.6,0,162,0,2020,0.0,0.0,0.0,0.0,0.0,0.0,0.0,0.0,0.857,0.571,10.857,0.143,0.143,2.229,DantePettis2020,NaN
153,DareOgunbowale,RB,26,14,4.53,5.40,29.9,0,96,0,2020,0.0,0.0,0.0,0.0,0.0,2.286,10.357,0.0,1.429,0.714,3.857,0.0,0.0,2.136,DareOgunbowale2020,NaN
154,DariusSlayton,WR,23,16,-0.50,15.02,141.0,0,57,0,2020,0.0,0.0,0.0,0.0,0.0,0.125,-0.062,0.0,6.0,3.125,46.938,0.188,0.188,8.812,DariusSlayton2020,NaN
155,DarnellMooney,WR,23,16,5.00,10.34,152.1,0,56,0,2020,0.0,0.0,0.0,0.0,0.0,0.25,1.25,0.0,6.125,3.812,39.438,0.25,0.25,9.506,DarnellMooney2020,NaN
156,DarrelWilliams,RB,25,16,4.33,6.44,54.5,0,79,0,2020,0.0,0.0,0.0,0.0,0.0,2.438,10.562,0.062,1.625,1.125,7.25,0.0,0.062,3.406,DarrelWilliams2020,NaN
157,DarrellDaniels,TE,26,12,0,11.50,23.2,0,68,0,2020,0.0,0.0,0.0,0.0,0.0,0.0,0.0,0.0,0.917,0.667,7.667,0.083,0.083,1.933,DarrellDaniels2020,NaN
158,DarrellHenderson,RB,23,15,4.52,9.94,130.3,0,31,0,2020,0.0,0.0,0.0,0.0,0.0,9.2,41.6,0.333,1.6,1.067,10.6,0.067,0.4,8.687,DarrellHenderson2020,NaN
159,DarrenFells,TE,34,16,0,14.86,76.2,0,25,0,2020,0.0,0.0,0.0,0.0,0.0,0.0,0.0,0.0,1.75,1.312,19.5,0.25,0.25,4.762,DarrenFells2020,NaN
160,DarrenWaller,TE,28,16,0,11.18,278.6,81,2,14,2020,0.0,0.0,0.0,0.0,0.0,0.0,0.0,0.0,9.062,6.688,74.75,0.562,0.562,17.412,DarrenWaller2020,NaN
161,DarriusShepherd,WR,25,8,0,9.20,7.6,0,198,0,2020,0.0,0.0,0.0,0.0,0.0,0.0,0.0,0.0,1.0,0.625,5.75,0.0,0.0,0.95,DarriusShepherd2020,NaN
162,DarryntonEvans,RB,22,5,3.86,13.50,16.1,0,110,0,2020,0.0,0.0,0.0,0.0,0.0,2.8,10.8,0.0,0.8,0.4,5.4,0.2,0.2,3.22,DarryntonEvans2020,NaN
163,DarwinThompson,RB,23,14,3.59,9.29,33.2,0,87,0,2020,0.0,0.0,0.0,0.0,0.0,1.929,6.929,0.071,0.786,0.5,4.643,0.071,0.143,2.371,DarwinThompson2020,NaN
164,DauriceFountain,WR,25,5,0,11.50,4.3,0,200,0,2020,0.0,0.0,0.0,0.0,0.0,0.0,0.0,0.0,0.6,0.4,4.6,0.0,0.0,0.86,DauriceFountain2020,NaN
165,DavanteAdams,WR,28,14,0,11.95,358.4,117,1,5,2020,0.0,0.0,0.0,0.0,0.0,0.0,0.0,0.0,10.643,8.214,98.143,1.286,1.286,25.6,DavanteAdams2020,NaN
166,DavidBlough,QB,25,1,18.00,0,1.8,0,73,0,2020,6.0,10.0,49.0,0.0,1.0,1.0,18.0,0.0,0.0,0.0,0.0,0.0,0.0,1.8,DavidBlough2020,NaN
167,DavidJohnson,RB,29,12,4.70,9.52,179.5,16,19,56,2020,0.0,0.0,0.0,0.0,0.0,12.25,57.583,0.5,3.833,2.75,26.167,0.167,0.667,14.958,DavidJohnson2020,NaN
168,DavidMontgomery,RB,23,15,4.33,8.11,264.8,81,6,15,2020,0.0,0.0,0.0,0.0,0.0,16.467,71.333,0.533,4.533,3.6,29.2,0.133,0.667,17.653,DavidMontgomery2020,NaN
169,DavidMoore,WR,25,16,7.63,11.91,118.8,0,60,0,2020,0.0,0.0,0.0,0.0,0.0,0.5,3.812,0.0,2.938,2.188,26.062,0.375,0.375,7.425,DavidMoore2020,NaN
170,DavidNjoku,TE,24,13,0,11.21,52.3,0,45,0,2020,0.0,0.0,0.0,0.0,0.0,0.0,0.0,0.0,2.231,1.462,16.385,0.154,0.154,4.023,DavidNjoku2020,NaN
171,DawsonKnox,TE,24,12,0,12.00,66.8,0,33,0,2020,0.0,0.0,0.0,0.0,0.0,0.0,0.0,0.0,3.667,2.0,24.0,0.25,0.25,5.567,DawsonKnox2020,NaN
172,DeAndreCarter,WR,27,13,0,8.00,-0.2,0,246,0,2020,0.0,0.0,0.0,0.0,0.0,0.0,0.0,0.0,0.154,0.077,0.615,0.0,0.0,-0.015,DeAndreCarter2020,NaN
173,DeAndreHopkins,WR,28,16,1.00,12.23,287.8,46,10,32,2020,0.0,0.0,0.0,0.0,0.0,0.062,0.062,0.0,10.0,7.188,87.938,0.375,0.375,17.988,DeAndreHopkins2020,NaN
174,DeAndreWashington,RB,27,4,2.94,6.00,17.1,0,115,0,2020,0.0,0.0,0.0,0.0,0.0,7.75,22.75,0.0,2.5,1.25,7.5,0.0,0.0,4.275,DeAndreWashington2020,NaN
175,DeMichaelHarris,WR,22,7,7.67,7.90,22.5,0,159,0,2020,0.0,0.0,0.0,0.0,0.0,0.857,6.571,0.0,1.429,1.429,11.286,0.0,0.0,3.214,DeMichaelHarris2020,NaN
176,DeSeanJackson,WR,34,5,12.00,16.86,44.8,0,117,0,2020,0.0,0.0,0.0,0.0,0.0,0.2,2.4,0.0,5.2,2.8,47.2,0.2,0.2,8.96,DeSeanJackson2020,NaN
177,DeVanteParker,WR,27,14,0,12.59,166.3,0,47,0,2020,0.0,0.0,0.0,0.0,0.0,0.0,0.0,0.0,7.357,4.5,56.643,0.286,0.286,11.879,DeVanteParker2020,NaN
178,DeanteBurton,0,26,4,0,0,0,0,217,0,2020,0.0,0.0,0.0,0.0,0.0,0.0,0.0,0.0,0.0,0.0,0.0,0.0,0.0,0.0,DeanteBurton2020,NaN
179,DedeWestbrook,WR,27,2,0,4.00,-0.6,0,247,0,2020,0.0,0.0,0.0,0.0,0.0,0.0,0.0,0.0,0.5,0.5,2.0,0.0,0.0,-0.3,DedeWestbrook2020,NaN
180,DeeJayDallas,RB,22,12,3.18,6.53,56.9,0,75,0,2020,0.0,0.0,0.0,0.0,0.0,2.833,9.0,0.167,1.667,1.417,9.25,0.083,0.25,4.742,DeeJayDallas2020,NaN
181,DeeboSamuel,WR,24,7,3.25,11.85,80.7,0,99,0,2020,0.0,0.0,0.0,0.0,0.0,1.143,3.714,0.0,6.286,4.714,55.857,0.143,0.143,11.529,DeeboSamuel2020,NaN
182,DemarcusRobinson,WR,26,16,0,10.36,107.6,0,79,0,2020,0.0,0.0,0.0,0.0,0.0,0.0,0.0,0.0,3.688,2.812,29.125,0.188,0.188,6.725,DemarcusRobinson2020,NaN
183,DemetriusHarris,TE,29,15,0,6.43,11.5,0,89,0,2020,0.0,0.0,0.0,0.0,0.0,0.0,0.0,0.0,0.933,0.467,3.0,0.0,0.0,0.767,DemetriusHarris2020,NaN
184,DenzelMims,WR,23,9,0,15.52,60.7,0,110,0,2020,0.0,0.0,0.0,0.0,0.0,0.0,0.0,0.0,4.889,2.556,39.667,0.0,0.0,6.744,DenzelMims2020,NaN
185,DeonCain,0,24,2,0,0,0,0,218,0,2020,0.0,0.0,0.0,0.0,0.0,0.0,0.0,0.0,0.0,0.0,0.0,0.0,0.0,0.0,DeonCain2020,NaN
186,DeonYelder,TE,25,14,0,5.14,10.6,0,94,0,2020,0.0,0.0,0.0,0.0,0.0,0.0,0.0,0.0,0.786,0.5,2.571,0.0,0.0,0.757,DeonYelder2020,NaN
187,DeontayBurnett,WR,23,2,0,6.33,4.9,0,203,0,2020,0.0,0.0,0.0,0.0,0.0,0.0,0.0,0.0,2.0,1.5,9.5,0.0,0.0,2.45,DeontayBurnett2020,NaN
188,DeonteHarris,WR,23,9,8.50,9.30,47.7,0,126,0,2020,0.0,0.0,0.0,0.0,0.0,0.667,5.667,0.0,2.778,2.222,20.667,0.111,0.111,5.3,DeonteHarris2020,NaN
189,DerekCarr,QB,29,16,3.59,0,272.1,0,13,0,2020,21.75,32.312,256.438,1.688,0.562,2.438,8.75,0.188,0.0,0.0,0.0,0.0,0.188,17.006,DerekCarr2020,NaN
190,DerekCarrier,TE,30,16,0,14.00,2.4,0,102,0,2020,0.0,0.0,0.0,0.0,0.0,0.0,0.0,0.0,0.062,0.062,0.875,0.0,0.0,0.15,DerekCarrier2020,NaN
191,DerekWatt,0,28,12,0,0,0,0,2,75,2020,0.0,0.0,0.0,0.0,0.0,0.0,0.0,0.0,0.0,0.0,0.0,0.0,0.0,0.0,DerekWatt2020,NaN
192,DerrickHenry,RB,26,16,5.36,6.00,333.1,184,1,1,2020,0.0,0.0,0.0,0.0,0.0,23.625,126.688,1.062,1.938,1.188,7.125,0.0,1.062,20.819,DerrickHenry2020,NaN
193,DerrickWillies,0,26,1,0,0,0,0,228,0,2020,0.0,0.0,0.0,0.0,0.0,0.0,0.0,0.0,0.0,0.0,0.0,0.0,0.0,0.0,DerrickWillies2020,NaN
194,DeshaunWatson,QB,25,16,4.93,0,369.3,87,5,11,2020,23.875,34.0,301.438,2.062,0.438,5.625,27.75,0.188,0.0,0.0,0.0,0.0,0.188,23.081,DeshaunWatson2020,NaN
195,DevinAsiasi,TE,23,9,0,19.50,11.9,0,76,0,2020,0.0,0.0,0.0,0.0,0.0,0.0,0.0,0.0,0.778,0.222,4.333,0.111,0.111,1.322,DevinAsiasi2020,NaN
196,DevinDuvernay,WR,23,16,17.50,10.05,53.1,0,116,0,2020,0.0,0.0,0.0,0.0,0.0,0.25,4.375,0.0,1.625,1.25,12.562,0.0,0.062,3.319,DevinDuvernay2020,NaN
197,DevinSingletary,RB,23,16,4.40,7.08,143.6,0,37,0,2020,0.0,0.0,0.0,0.0,0.0,9.75,42.938,0.125,3.125,2.375,16.812,0.0,0.125,8.975,DevinSingletary2020,NaN
198,DevineOzigbo,RB,24,8,1.00,4.67,13.3,0,137,0,2020,0.0,0.0,0.0,0.0,0.0,0.125,0.125,0.0,1.125,1.125,5.25,0.0,0.0,1.662,DevineOzigbo2020,NaN
199,DevontaFreeman,RB,28,5,3.19,8.29,36.0,0,85,0,2020,0.0,0.0,0.0,0.0,0.0,10.8,34.4,0.2,2.0,1.4,11.6,0.0,0.2,7.2,DevontaFreeman2020,NaN
200,DevontaeBooker,RB,28,16,4.55,4.94,85.7,0,55,0,2020,0.0,0.0,0.0,0.0,0.0,5.812,26.438,0.188,1.312,1.062,5.25,0.0,0.188,5.356,DevontaeBooker2020,NaN
201,DexterWilliams,RB,23,3,4.00,0,0.8,0,155,0,2020,0.0,0.0,0.0,0.0,0.0,0.667,2.667,0.0,0.0,0.0,0.0,0.0,0.0,0.267,DexterWilliams2020,NaN
202,DezBryant,WR,32,6,0,7.83,22.7,0,148,0,2020,0.0,0.0,0.0,0.0,0.0,0.0,0.0,0.0,1.833,1.0,7.833,0.333,0.333,3.783,DezBryant2020,NaN
203,DionLewis,RB,30,16,3.97,6.68,57.2,0,77,0,2020,0.0,0.0,0.0,0.0,0.0,1.812,7.188,0.125,1.875,1.188,7.938,0.062,0.188,3.575,DionLewis2020,NaN
204,DiontaeJohnson,WR,24,15,5.00,10.49,221.8,7,27,70,2020,0.0,0.0,0.0,0.0,0.0,0.2,1.0,0.0,9.6,5.867,61.533,0.467,0.467,14.787,DiontaeJohnson2020,NaN
205,DiontaeSpencer,WR,28,11,6.33,8.67,13.5,0,166,0,2020,0.0,0.0,0.0,0.0,0.0,0.273,1.727,0.0,0.545,0.273,2.364,0.0,0.091,1.227,DiontaeSpencer2020,NaN
206,DominiqueDafney,TE,23,5,0,13.00,10.6,0,78,0,2020,0.0,0.0,0.0,0.0,0.0,0.0,0.0,0.0,0.4,0.4,5.2,0.2,0.2,2.12,DominiqueDafney2020,NaN
207,DonaldParham,TE,23,13,0,15.90,43.9,0,44,0,2020,0.0,0.0,0.0,0.0,0.0,0.0,0.0,0.0,1.538,0.769,12.231,0.231,0.231,3.377,DonaldParham2020,NaN
208,DonovanPeoplesJones,WR,21,12,0,21.71,58.4,0,103,0,2020,0.0,0.0,0.0,0.0,0.0,0.0,0.0,0.0,1.667,1.167,25.333,0.167,0.167,4.867,DonovanPeoplesJones2020,NaN
209,DonteMoncrief,WR,27,6,4.00,15.00,2.9,0,205,0,2020,0.0,0.0,0.0,0.0,0.0,0.167,0.667,0.0,0.333,0.167,2.5,0.0,0.0,0.483,DonteMoncrief2020,NaN
210,DontrellHilliard,RB,25,7,5.33,2.00,6.0,0,134,0,2020,0.0,0.0,0.0,0.0,0.0,1.286,6.857,0.0,0.143,0.143,0.286,0.0,0.0,0.857,DontrellHilliard2020,NaN
211,DontrelleInman,WR,31,10,0,9.06,46.3,0,122,0,2020,0.0,0.0,0.0,0.0,0.0,0.0,0.0,0.0,2.8,1.8,16.3,0.2,0.2,4.63,DontrelleInman2020,NaN
212,DrewBrees,QB,41,12,-0.11,0,209.5,0,21,0,2020,22.917,32.5,245.167,2.0,0.5,1.5,-0.167,0.167,0.0,0.0,0.0,0.0,0.167,17.458,DrewBrees2020,NaN
213,DrewLock,QB,24,13,3.64,0,181.3,0,23,0,2020,19.538,34.077,225.615,1.231,1.154,3.385,12.308,0.231,0.0,0.0,0.0,0.0,0.231,13.946,DrewLock2020,NaN
214,DrewSample,TE,24,16,0,8.73,78.9,0,39,0,2020,0.0,0.0,0.0,0.0,0.0,0.0,0.0,0.0,3.312,2.5,21.812,0.062,0.062,4.931,DrewSample2020,NaN
215,DukeJohnson,RB,27,11,3.05,8.89,84.4,0,65,0,2020,0.0,0.0,0.0,0.0,0.0,7.0,21.364,0.091,3.182,2.545,22.636,0.091,0.182,7.673,DukeJohnson2020,NaN
216,DukeWilliams,0,28,1,0,0,0,0,243,0,2020,0.0,0.0,0.0,0.0,0.0,0.0,0.0,0.0,0.0,0.0,0.0,0.0,0.0,0.0,DukeWilliams2020,NaN
217,DurhamSmythe,TE,25,15,0,8.00,58.8,0,47,0,2020,0.0,0.0,0.0,0.0,0.0,0.0,0.0,0.0,1.933,1.733,13.867,0.133,0.133,3.92,DurhamSmythe2020,NaN
218,DwayneHaskins,QB,23,7,2.30,0,68.2,0,37,0,2020,21.143,34.429,205.571,0.714,1.0,2.857,6.571,0.143,0.0,0.0,0.0,0.0,0.143,9.743,DwayneHaskins2020,NaN
219,DwayneWashington,RB,26,11,1.88,0,1.5,0,149,0,2020,0.0,0.0,0.0,0.0,0.0,0.727,1.364,0.0,0.0,0.0,0.0,0.0,0.0,0.136,DwayneWashington2020,NaN
220,EastonStick,QB,25,1,-2.00,0,0,0,78,0,2020,1.0,1.0,4.0,0.0,0.0,1.0,-2.0,0.0,0.0,0.0,0.0,0.0,0.0,0.0,EastonStick2020,NaN
221,ElijhaaPenny,RB,27,14,2.50,10.00,5.5,0,139,0,2020,0.0,0.0,0.0,0.0,0.0,0.429,1.071,0.0,0.214,0.143,1.429,0.0,0.0,0.393,ElijhaaPenny2020,NaN
222,EmmanuelSanders,WR,33,14,12.00,11.90,164.8,0,46,0,2020,0.0,0.0,0.0,0.0,0.0,0.071,0.857,0.0,5.857,4.357,51.857,0.357,0.357,11.771,EmmanuelSanders2020,NaN
223,EquanimeousStBrown,WR,24,12,7.00,16.71,25.4,0,139,0,2020,0.0,0.0,0.0,0.0,0.0,0.083,0.583,0.0,1.083,0.583,9.75,0.083,0.083,2.117,EquanimeousStBrown2020,NaN
224,EricEbron,TE,27,15,0,9.96,141.8,0,14,0,2020,0.0,0.0,0.0,0.0,0.0,0.0,0.0,0.0,6.067,3.733,37.2,0.333,0.333,9.453,EricEbron2020,NaN
225,EricSaubert,TE,26,8,0,5.33,4.6,0,100,0,2020,0.0,0.0,0.0,0.0,0.0,0.0,0.0,0.0,0.5,0.375,2.0,0.0,0.0,0.575,EricSaubert2020,NaN
226,EricTomlinson,0,28,7,0,0,0,0,127,0,2020,0.0,0.0,0.0,0.0,0.0,0.0,0.0,0.0,0.143,0.0,0.0,0.0,0.0,0.0,EricTomlinson2020,NaN
227,EvanBaylis,0,27,5,0,0,0,0,116,0,2020,0.0,0.0,0.0,0.0,0.0,0.0,0.0,0.0,0.0,0.0,0.0,0.0,0.0,0.0,EvanBaylis2020,NaN
228,EvanEngram,TE,26,16,4.33,10.38,141.0,0,18,0,2020,0.0,0.0,0.0,0.0,0.0,0.375,1.625,0.062,6.812,3.938,40.875,0.062,0.125,8.812,EvanEngram2020,NaN
229,EzekielElliott,RB,25,15,4.01,6.50,223.7,42,11,33,2020,0.0,0.0,0.0,0.0,0.0,16.267,65.267,0.4,4.733,3.467,22.533,0.133,0.533,14.913,EzekielElliott2020,NaN
230,FosterMoreau,TE,23,16,0,20.00,33.0,0,55,0,2020,0.0,0.0,0.0,0.0,0.0,0.0,0.0,0.0,0.562,0.438,8.75,0.125,0.125,2.062,FosterMoreau2020,NaN
231,FrankGore,RB,37,15,3.49,5.56,100.2,0,46,0,2020,0.0,0.0,0.0,0.0,0.0,12.467,43.533,0.133,1.267,1.067,5.933,0.0,0.133,6.68,FrankGore2020,NaN
232,FredBrown,0,27,1,0,0,0,0,240,0,2020,0.0,0.0,0.0,0.0,0.0,0.0,0.0,0.0,0.0,0.0,0.0,0.0,0.0,0.0,FredBrown2020,NaN
233,FreddieSwain,WR,22,16,0,12.23,40.9,0,125,0,2020,0.0,0.0,0.0,0.0,0.0,0.0,0.0,0.0,1.312,0.812,9.938,0.125,0.125,2.556,FreddieSwain2020,NaN
234,GabeNabers,RB,23,16,3.50,5.00,20.2,0,106,0,2020,0.0,0.0,0.0,0.0,0.0,0.125,0.438,0.0,0.438,0.312,1.562,0.125,0.125,1.262,GabeNabers2020,NaN
235,GabrielDavis,WR,21,16,0.00,17.11,136.9,0,48,0,2020,0.0,0.0,0.0,0.0,0.0,0.062,0.0,0.0,3.875,2.188,37.438,0.438,0.438,8.556,GabrielDavis2020,NaN
236,GardnerMinshewII,QB,24,9,5.28,0.00,160.7,0,26,0,2020,24.0,36.333,251.0,1.778,0.556,3.222,17.0,0.111,0.111,0.111,0.0,0.0,0.111,17.856,GardnerMinshewII2020,NaN
237,GarrettGilbert,QB,29,1,9.33,0,14.5,0,53,0,2020,21.0,38.0,243.0,1.0,1.0,3.0,28.0,0.0,0.0,0.0,0.0,0.0,0.0,14.5,GarrettGilbert2020,NaN
238,GarrettGriffin,0,26,4,0,0,0,0,117,0,2020,0.0,0.0,0.0,0.0,0.0,0.0,0.0,0.0,0.0,0.0,0.0,0.0,0.0,0.0,GarrettGriffin2020,NaN
239,GehrigDieter,WR,27,4,0,10.00,2.0,0,214,0,2020,0.0,0.0,0.0,0.0,0.0,0.0,0.0,0.0,0.5,0.25,2.5,0.0,0.0,0.5,GehrigDieter2020,NaN
240,GenoSmith,QB,30,1,-1.00,0,1.1,0,75,0,2020,4.0,5.0,33.0,0.0,0.0,2.0,-2.0,0.0,0.0,0.0,0.0,0.0,0.0,1.1,GenoSmith2020,NaN
241,GeoffSwaim,WR,27,10,0,9.22,23.3,0,156,0,2020,0.0,0.0,0.0,0.0,0.0,0.0,0.0,0.0,1.2,0.9,8.3,0.1,0.1,2.33,GeoffSwaim2020,NaN
242,GeorgeKittle,TE,27,8,8.50,13.21,125.1,0,19,0,2020,0.0,0.0,0.0,0.0,0.0,0.25,2.125,0.0,7.875,6.0,79.25,0.25,0.25,15.638,GeorgeKittle2020,NaN
243,GeraldEverett,TE,26,16,2.00,10.17,92.9,0,26,0,2020,0.0,0.0,0.0,0.0,0.0,0.062,0.125,0.062,3.875,2.562,26.062,0.062,0.125,5.806,GeraldEverett2020,NaN
244,GiovaniBernard,RB,29,16,3.35,7.55,158.1,0,36,0,2020,0.0,0.0,0.0,0.0,0.0,7.75,26.0,0.188,3.688,2.938,22.188,0.188,0.375,9.881,GiovaniBernard2020,NaN
245,GoldenTate,WR,32,12,0,11.09,86.5,0,94,0,2020,0.083,0.167,1.5,0.0,0.0,0.0,0.0,0.0,4.333,2.917,32.333,0.167,0.167,7.208,GoldenTate2020,NaN
246,GregOlsen,TE,35,11,0,9.96,53.9,0,49,0,2020,0.0,0.0,0.0,0.0,0.0,0.0,0.0,0.0,3.364,2.182,21.727,0.091,0.091,4.9,GregOlsen2020,NaN
247,GregWard,WR,25,16,-2.00,7.91,133.1,0,63,0,2020,0.062,0.062,0.938,0.0,0.0,0.125,-0.25,0.0,4.938,3.312,26.188,0.375,0.375,8.319,GregWard2020,NaN
248,GunnerOlszewski,WR,24,13,4.60,12.40,25.5,0,135,0,2020,0.0,0.0,0.0,0.0,0.0,0.385,1.769,0.0,0.385,0.385,4.769,0.077,0.154,1.962,GunnerOlszewski2020,NaN
249,GusEdwards,RB,25,16,5.02,14.33,128.2,0,28,0,2020,0.0,0.0,0.0,0.0,0.0,9.0,45.188,0.375,0.812,0.562,8.062,0.0,0.375,8.012,GusEdwards2020,NaN
250,HakeemButler,0,24,2,0,0,0,0,225,0,2020,0.0,0.0,0.0,0.0,0.0,0.0,0.0,0.0,0.5,0.0,0.0,0.0,0.0,0.0,HakeemButler2020,NaN
251,HaleHentges,0,24,1,0,0,0,0,128,0,2020,0.0,0.0,0.0,0.0,0.0,0.0,0.0,0.0,0.0,0.0,0.0,0.0,0.0,0.0,HaleHentges2020,NaN
252,HarrisonBryant,TE,22,15,0,9.92,61.8,0,40,0,2020,0.0,0.0,0.0,0.0,0.0,0.0,0.0,0.0,2.533,1.6,15.867,0.2,0.2,4.12,HarrisonBryant2020,NaN
253,HaydenHurst,TE,27,16,0,10.20,149.1,3,11,73,2020,0.0,0.0,0.0,0.0,0.0,0.0,0.0,0.0,5.5,3.5,35.688,0.375,0.375,9.319,HaydenHurst2020,NaN
254,HenryRuggsIII,WR,21,13,5.44,17.38,84.1,0,88,0,2020,0.0,0.0,0.0,0.0,0.0,0.692,3.769,0.0,3.308,2.0,34.769,0.154,0.154,6.469,HenryRuggsIII2020,NaN
255,HunterBryant,TE,22,5,0,44.00,5.4,0,90,0,2020,0.0,0.0,0.0,0.0,0.0,0.0,0.0,0.0,0.6,0.2,8.8,0.0,0.0,1.08,HunterBryant2020,NaN
256,HunterHenry,TE,26,14,0,10.22,145.3,0,15,0,2020,0.0,0.0,0.0,0.0,0.0,0.0,0.0,0.0,6.643,4.286,43.786,0.286,0.286,10.379,HunterHenry2020,NaN
257,HunterRenfrow,WR,25,16,0,11.71,131.6,0,65,0,2020,0.0,0.0,0.0,0.0,0.0,0.0,0.0,0.0,4.812,3.5,41.0,0.125,0.125,8.225,HunterRenfrow2020,NaN
258,IanThomas,TE,24,16,0,7.25,40.5,0,61,0,2020,0.0,0.0,0.0,0.0,0.0,0.0,0.0,0.0,1.938,1.25,9.062,0.062,0.062,2.531,IanThomas2020,NaN
259,IrvSmithJr,TE,22,13,0,12.17,98.5,0,21,0,2020,0.0,0.0,0.0,0.0,0.0,0.0,0.0,0.0,3.308,2.308,28.077,0.385,0.385,7.577,IrvSmithJr2020,NaN
260,IsaacNauta,TE,23,7,0,3.00,1.3,0,112,0,2020,0.0,0.0,0.0,0.0,0.0,0.0,0.0,0.0,0.286,0.143,0.429,0.0,0.0,0.186,IsaacNauta2020,NaN
261,IsaiahFord,WR,24,10,0,9.86,55.6,0,127,0,2020,0.0,0.0,0.0,0.0,0.0,0.0,0.0,0.0,4.4,2.8,27.6,0.0,0.0,5.56,IsaiahFord2020,NaN
262,IsaiahMcKenzie,WR,25,16,0.90,9.40,99.6,0,68,0,2020,0.062,0.062,0.75,0.062,0.0,0.625,0.562,0.0,2.125,1.875,17.625,0.312,0.375,6.225,IsaiahMcKenzie2020,NaN
263,IsaiahWright,WR,23,14,5.33,7.30,46.3,0,137,0,2020,0.0,0.071,0.0,0.0,0.0,0.214,1.143,0.0,2.5,1.929,14.071,0.0,0.0,3.307,IsaiahWright2020,NaN
264,IsaiahZuber,WR,23,4,10.50,14.50,7.0,0,186,0,2020,0.0,0.0,0.0,0.0,0.0,0.5,5.25,0.0,0.5,0.5,7.25,0.0,0.0,1.75,IsaiahZuber2020,NaN
265,ItoSmith,RB,25,14,4.25,4.41,57.3,0,74,0,2020,0.0,0.0,0.0,0.0,0.0,4.5,19.143,0.071,1.857,1.214,5.357,0.0,0.071,4.093,ItoSmith2020,NaN
266,JDMcKissic,RB,27,16,4.29,7.36,191.4,0,34,0,2020,0.0,0.0,0.0,0.0,0.0,5.312,22.812,0.062,6.875,5.0,36.812,0.125,0.188,11.962,JDMcKissic2020,NaN
267,JJArcegaWhiteside,WR,24,8,0,21.25,20.5,0,151,0,2020,0.0,0.0,0.0,0.0,0.0,0.0,0.0,0.0,1.0,0.5,10.625,0.0,0.125,2.562,JJArcegaWhiteside2020,NaN
268,JJTaylor,RB,22,6,4.78,4.00,12.4,0,119,0,2020,0.0,0.0,0.0,0.0,0.0,3.833,18.333,0.0,0.333,0.167,0.667,0.0,0.0,2.067,JJTaylor2020,NaN
269,JKDobbins,RB,22,15,6.01,6.67,168.5,20,17,49,2020,0.0,0.0,0.0,0.0,0.0,8.933,53.667,0.6,1.6,1.2,8.0,0.0,0.6,11.233,JKDobbins2020,NaN
270,JPHoltz,0,27,16,0,0,0,0,119,0,2020,0.0,0.0,0.0,0.0,0.0,0.0,0.0,0.0,0.062,0.0,0.0,0.0,0.0,0.0,JPHoltz2020,NaN
271,JaMarcusBradley,WR,24,3,0,12.00,11.0,0,181,0,2020,0.0,0.0,0.0,0.0,0.0,0.0,0.0,0.0,3.667,1.667,20.0,0.0,0.0,3.667,JaMarcusBradley2020,NaN
272,JaceSternberger,TE,24,12,0,9.50,29.4,0,65,0,2020,0.0,0.0,0.0,0.0,0.0,0.0,0.0,0.0,1.25,1.0,9.5,0.083,0.083,2.45,JaceSternberger2020,NaN
273,JackDoyle,TE,30,14,0,10.91,64.1,0,36,0,2020,0.0,0.0,0.0,0.0,0.0,0.0,0.0,0.0,2.357,1.643,17.929,0.214,0.214,4.579,JackDoyle2020,NaN
274,JacobHollister,TE,27,16,0,8.36,65.9,0,37,0,2020,0.0,0.0,0.0,0.0,0.0,0.0,0.0,0.0,2.5,1.562,13.062,0.188,0.188,4.119,JacobHollister2020,NaN
275,JacobyBrissett,QB,28,11,1.12,0,20.6,0,48,0,2020,0.182,0.727,1.545,0.0,0.0,1.545,1.727,0.273,0.0,0.0,0.0,0.0,0.273,1.873,JacobyBrissett2020,NaN
276,JaedenGraham,TE,25,16,0,8.33,5.5,0,98,0,2020,0.0,0.0,0.0,0.0,0.0,0.0,0.0,0.0,0.312,0.188,1.562,0.0,0.0,0.344,JaedenGraham2020,NaN
277,JakeButt,TE,25,5,0,2.50,2.5,0,111,0,2020,0.0,0.0,0.0,0.0,0.0,0.0,0.0,0.0,0.8,0.4,1.0,0.0,0.0,0.5,JakeButt2020,NaN
278,JakeKumerow,WR,28,6,0,22.00,9.2,0,175,0,2020,0.0,0.0,0.0,0.0,0.0,0.0,0.0,0.0,0.167,0.167,3.667,0.167,0.167,1.533,JakeKumerow2020,NaN
279,JakeLuton,QB,24,3,13.00,0,28.3,0,45,0,2020,20.0,36.667,208.0,0.667,2.0,0.333,4.333,0.333,0.0,0.0,0.0,0.0,0.333,9.433,JakeLuton2020,NaN
280,JakeemGrant,WR,28,14,6.67,10.36,87.3,0,95,0,2020,0.0,0.0,0.0,0.0,0.0,0.214,1.429,0.0,3.857,2.571,26.643,0.071,0.143,6.236,JakeemGrant2020,NaN
281,JakobJohnson,RB,26,16,0,4.38,17.5,0,120,0,2020,0.0,0.0,0.0,0.0,0.0,0.0,0.0,0.0,0.562,0.5,2.188,0.062,0.062,1.094,JakobJohnson2020,NaN
282,JakobiMeyers,WR,24,14,4.50,12.36,142.5,0,61,0,2020,0.143,0.143,3.071,0.143,0.0,0.143,0.643,0.0,5.786,4.214,52.071,0.0,0.0,10.179,JakobiMeyers2020,NaN
283,JaleelScott,WR,25,1,0,16.00,2.6,0,207,0,2020,0.0,0.0,0.0,0.0,0.0,0.0,0.0,0.0,1.0,1.0,16.0,0.0,0.0,2.6,JaleelScott2020,NaN
284,JalenGuyton,WR,23,16,0.00,18.25,97.1,0,72,0,2020,0.0,0.0,0.0,0.0,0.0,0.125,0.0,0.0,3.438,1.75,31.938,0.188,0.188,6.069,JalenGuyton2020,NaN
285,JalenHurts,QB,22,15,5.62,3.00,109.1,0,34,0,2020,5.133,9.867,70.733,0.4,0.267,4.2,23.6,0.2,0.067,0.067,0.2,0.0,0.2,7.273,JalenHurts2020,NaN
286,JalenReagor,WR,21,11,6.50,12.77,87.2,0,91,0,2020,0.0,0.0,0.0,0.0,0.0,0.364,2.364,0.0,4.909,2.818,36.0,0.091,0.182,7.927,JalenReagor2020,NaN
287,JalenRichard,RB,27,13,5.59,7.26,51.1,0,81,0,2020,0.0,0.0,0.0,0.0,0.0,1.692,9.462,0.077,1.769,1.462,10.615,0.0,0.077,3.931,JalenRichard2020,NaN
288,JamaalWilliams,RB,25,14,4.24,7.61,127.1,0,38,0,2020,0.0,0.0,0.0,0.0,0.0,8.5,36.071,0.143,2.5,2.214,16.857,0.071,0.214,9.079,JamaalWilliams2020,NaN
289,JamalAgnew,WR,25,14,5.50,6.85,29.2,0,152,0,2020,0.0,0.071,0.0,0.0,0.0,0.429,2.357,0.0,1.429,0.929,6.357,0.0,0.071,2.086,JamalAgnew2020,NaN
290,JameisWinston,QB,26,4,-0.75,0,2.4,0,68,0,2020,1.75,2.75,18.75,0.0,0.0,2.0,-1.5,0.0,0.0,0.0,0.0,0.0,0.0,0.6,JameisWinston2020,NaN
291,JamesConner,RB,25,13,4.27,6.14,164.6,0,25,0,2020,0.0,0.0,0.0,0.0,0.0,13.0,55.462,0.462,3.308,2.692,16.538,0.0,0.462,12.662,JamesConner2020,NaN
292,JamesOShaughnessy,TE,28,15,0,9.36,54.2,0,54,0,2020,0.0,0.0,0.0,0.0,0.0,0.0,0.0,0.0,2.533,1.867,17.467,0.0,0.0,3.613,JamesOShaughnessy2020,NaN
293,JamesProche,WR,24,14,0,14.00,2.4,0,208,0,2020,0.0,0.0,0.0,0.0,0.0,0.0,0.0,0.0,0.214,0.071,1.0,0.0,0.0,0.171,JamesProche2020,NaN
294,JamesRobinson,RB,22,14,4.46,7.02,250.4,71,7,18,2020,0.0,0.0,0.0,0.0,0.0,17.143,76.429,0.5,4.286,3.5,24.571,0.214,0.714,17.886,JamesRobinson2020,NaN
295,JamesWashington,WR,24,16,0,13.07,99.2,0,70,0,2020,0.0,0.0,0.0,0.0,0.0,0.0,0.0,0.0,3.5,1.875,24.5,0.312,0.312,6.2,JamesWashington2020,NaN
296,JamesWhite,RB,28,14,3.46,7.65,116.6,0,57,0,2020,0.0,0.0,0.0,0.0,0.0,2.5,8.643,0.143,4.429,3.5,26.786,0.071,0.214,8.329,JamesWhite2020,NaN
297,JamisonCrowder,WR,27,12,14.00,11.85,172.0,0,39,0,2020,0.083,0.083,3.583,0.083,0.0,0.083,1.167,0.0,7.417,4.917,58.25,0.5,0.5,14.333,JamisonCrowder2020,NaN
298,JamycalHasty,RB,24,8,3.79,4.71,31.1,0,90,0,2020,0.0,0.0,0.0,0.0,0.0,4.875,18.5,0.125,1.0,0.875,4.125,0.0,0.125,3.888,JamycalHasty2020,NaN
299,JaredCook,TE,33,15,0,13.62,127.4,0,12,0,2020,0.0,0.0,0.0,0.0,0.0,0.0,0.0,0.0,4.0,2.467,33.6,0.467,0.467,8.493,JaredCook2020,NaN
300,JaredGoff,QB,26,15,1.94,0,240.0,0,19,0,2020,24.667,36.8,263.467,1.333,0.867,3.4,6.6,0.267,0.0,0.0,0.0,0.0,0.267,16.0,JaredGoff2020,NaN
301,JarrettStidham,QB,24,5,1.00,0,12.9,0,54,0,2020,4.4,8.8,51.2,0.4,0.6,1.4,1.4,0.0,0.0,0.0,0.0,0.0,0.0,2.58,JarrettStidham2020,NaN
302,JarvisLandry,WR,28,15,2.50,11.67,188.0,0,36,0,2020,0.267,0.267,4.933,0.067,0.0,0.267,0.667,0.067,6.733,4.8,56.0,0.2,0.267,12.533,JarvisLandry2020,NaN
303,JasonCroom,TE,26,4,0,3.00,7.3,0,83,0,2020,0.0,0.0,0.0,0.0,0.0,0.0,0.0,0.0,0.25,0.25,0.75,0.25,0.25,1.825,JasonCroom2020,NaN
304,JasonHuntley,RB,22,5,3.80,0.00,2.9,0,145,0,2020,0.0,0.0,0.0,0.0,0.0,1.0,3.8,0.0,0.4,0.2,0.0,0.0,0.0,0.58,JasonHuntley2020,NaN
305,JasonMoore,0,25,2,0,0,0,0,237,0,2020,0.0,0.0,0.0,0.0,0.0,0.0,0.0,0.0,0.0,0.0,0.0,0.0,0.0,0.0,JasonMoore2020,NaN
306,JasonWitten,TE,38,16,0,5.31,31.9,0,62,0,2020,0.0,0.0,0.0,0.0,0.0,0.0,0.0,0.0,1.062,0.812,4.312,0.125,0.125,1.994,JasonWitten2020,NaN
307,JavonWims,WR,26,13,2.00,8.00,17.0,0,163,0,2020,0.0,0.0,0.0,0.0,0.0,0.077,0.154,0.0,0.923,0.462,3.692,0.077,0.077,1.308,JavonWims2020,NaN
308,JaydonMickens,WR,26,10,0,8.29,12.8,0,183,0,2020,0.0,0.0,0.0,0.0,0.0,0.0,0.0,0.0,1.0,0.7,5.8,0.0,0.0,1.28,JaydonMickens2020,NaN
309,JaylenSamuels,RB,24,14,3.11,5.11,16.4,0,127,0,2020,0.0,0.0,0.0,0.0,0.0,0.643,2.0,0.0,1.0,0.643,3.286,0.0,0.0,1.171,JaylenSamuels2020,NaN
310,JeffBadet,0,26,3,0,0,0,0,229,0,2020,0.0,0.0,0.0,0.0,0.0,0.0,0.0,0.0,0.333,0.0,0.0,0.0,0.0,0.0,JeffBadet2020,NaN
311,JeffDriskel,QB,27,3,4.67,0,30.1,0,44,0,2020,11.667,21.333,144.0,1.0,0.667,2.0,9.333,0.0,0.0,0.0,0.0,0.0,0.0,10.033,JeffDriskel2020,NaN
312,JeffSmith,WR,23,12,0,9.82,33.7,0,149,0,2020,0.0,0.0,0.0,0.0,0.0,0.0,0.0,0.0,3.083,1.417,13.917,0.0,0.0,2.808,JeffSmith2020,NaN
313,JeffWilson,RB,25,12,4.76,10.23,142.3,0,26,0,2020,0.0,0.0,0.0,0.0,0.0,10.5,50.0,0.583,2.333,1.083,11.083,0.25,0.833,11.858,JeffWilson2020,NaN
314,JeremyMcNichols,RB,25,16,4.34,4.58,43.9,0,82,0,2020,0.0,0.0,0.0,0.0,0.0,2.938,12.75,0.062,1.062,0.75,3.438,0.0,0.062,2.744,JeremyMcNichols2020,NaN
315,JeremySprinkle,TE,26,16,0,6.00,1.6,0,107,0,2020,0.0,0.0,0.0,0.0,0.0,0.0,0.0,0.0,0.188,0.062,0.375,0.0,0.0,0.1,JeremySprinkle2020,NaN
316,JerickMcKinnon,RB,28,16,3.94,7.67,126.2,0,40,0,2020,0.0,0.0,0.0,0.0,0.0,5.062,19.938,0.312,2.875,2.062,15.812,0.062,0.375,7.888,JerickMcKinnon2020,NaN
317,JerryJeudy,WR,21,16,0,16.46,157.6,0,44,0,2020,0.0,0.0,0.0,0.0,0.0,0.0,0.0,0.0,7.062,3.25,53.5,0.188,0.188,9.85,JerryJeudy2020,NaN
318,JesseJames,TE,26,16,0,9.21,38.9,0,57,0,2020,0.0,0.0,0.0,0.0,0.0,0.0,0.0,0.0,1.375,0.875,8.062,0.125,0.125,2.431,JesseJames2020,NaN
319,JimmyGaroppolo,QB,29,6,2.50,0,64.3,0,38,0,2020,15.667,23.333,182.667,1.167,0.833,1.667,4.167,0.0,0.0,0.0,0.0,0.0,0.0,10.717,JimmyGaroppolo2020,NaN
320,JimmyGraham,TE,34,16,0,9.12,143.6,3,10,71,2020,0.0,0.0,0.0,0.0,0.0,0.0,0.0,0.0,4.75,3.125,28.5,0.5,0.5,8.975,JimmyGraham2020,NaN
321,JoeBurrow,QB,24,10,3.84,0,173.7,0,25,0,2020,26.4,40.4,268.8,1.3,0.5,3.7,14.2,0.3,0.0,0.0,0.0,0.0,0.3,17.37,JoeBurrow2020,NaN
322,JoeFlacco,QB,35,5,3.67,0,54.8,0,40,0,2020,14.8,26.8,172.8,1.2,0.6,1.2,4.4,0.0,0.0,0.0,0.0,0.0,0.0,10.96,JoeFlacco2020,NaN
323,JoeMixon,RB,24,6,3.60,6.57,99.6,0,49,0,2020,0.0,0.0,0.0,0.0,0.0,19.833,71.333,0.5,4.333,3.5,23.0,0.167,0.667,16.6,JoeMixon2020,NaN
324,JoeReed,WR,22,11,5.80,0,8.9,0,171,0,2020,0.0,0.0,0.0,0.0,0.0,0.455,2.636,0.091,0.091,0.0,0.0,0.0,0.091,0.809,JoeReed2020,NaN
325,JoeWebb,0,34,2,0,0,0,0,238,0,2020,0.0,0.0,0.0,0.0,0.0,0.0,0.0,0.0,0.0,0.0,0.0,0.0,0.0,0.0,JoeWebb2020,NaN
326,JohnBrown,WR,30,9,0,13.88,96.8,0,78,0,2020,0.0,0.0,0.0,0.0,0.0,0.0,0.0,0.0,5.778,3.667,50.889,0.333,0.333,10.756,JohnBrown2020,NaN
327,JohnHightower,WR,24,13,1.00,16.70,28.8,0,138,0,2020,0.0,0.0,0.0,0.0,0.0,0.077,0.077,0.0,2.231,0.769,12.846,0.0,0.0,2.215,JohnHightower2020,NaN
328,JohnLovett,TE,24,8,2.00,0,0.6,0,109,0,2020,0.0,0.0,0.0,0.0,0.0,0.375,0.75,0.0,0.0,0.0,0.0,0.0,0.0,0.075,JohnLovett2020,NaN
329,JohnRoss,WR,25,3,0,8.50,3.7,0,206,0,2020,0.0,0.0,0.0,0.0,0.0,0.0,0.0,0.0,2.333,0.667,5.667,0.0,0.0,1.233,JohnRoss2020,NaN
330,JohnWolford,QB,25,1,9.33,0,12.8,0,55,0,2020,22.0,38.0,231.0,0.0,1.0,6.0,56.0,0.0,0.0,0.0,0.0,0.0,0.0,12.8,JohnWolford2020,NaN
331,JohnnyHolton,0,30,1,0,0,0,0,231,0,2020,0.0,0.0,0.0,0.0,0.0,0.0,0.0,0.0,0.0,0.0,0.0,0.0,0.0,0.0,JohnnyHolton2020,NaN
332,JohnnyMundt,TE,26,16,0,13.25,9.3,0,85,0,2020,0.0,0.0,0.0,0.0,0.0,0.0,0.0,0.0,0.25,0.25,3.312,0.0,0.0,0.581,JohnnyMundt2020,NaN
333,JohnnyStanton,0,26,1,0,0,0,0,1,76,2020,0.0,0.0,0.0,0.0,0.0,0.0,0.0,0.0,0.0,0.0,0.0,0.0,0.0,0.0,JohnnyStanton2020,NaN
334,JojoNatson,WR,26,3,3.00,0,0.3,0,216,0,2020,0.0,0.0,0.0,0.0,0.0,0.333,1.0,0.0,0.0,0.0,0.0,0.0,0.0,0.1,JojoNatson2020,NaN
335,JonathanTaylor,RB,21,15,5.04,8.31,252.8,87,4,12,2020,0.0,0.0,0.0,0.0,0.0,15.467,77.933,0.733,2.6,2.4,19.933,0.067,0.8,16.853,JonathanTaylor2020,NaN
336,JonathanWard,RB,23,14,0,11.00,8.1,0,129,0,2020,0.0,0.0,0.0,0.0,0.0,0.0,0.0,0.0,0.071,0.071,0.786,0.071,0.071,0.579,JonathanWard2020,NaN
337,JonathanWilliams,RB,26,5,5.00,5.25,4.6,0,158,0,2020,0.0,0.0,0.0,0.0,0.0,0.2,1.0,0.0,0.8,0.8,4.2,0.0,0.0,0.92,JonathanWilliams2020,NaN
338,JonnuSmith,TE,25,15,2.00,10.93,140.2,9,9,67,2020,0.0,0.0,0.0,0.0,0.0,0.133,0.267,0.067,4.333,2.733,29.867,0.533,0.6,9.347,JonnuSmith2020,NaN
339,JordanAkins,TE,28,13,4.00,10.89,83.7,0,30,0,2020,0.0,0.0,0.0,0.0,0.0,0.077,0.308,0.0,3.769,2.846,31.0,0.077,0.077,6.438,JordanAkins2020,NaN
340,JordanHoward,RB,26,7,1.71,-3.00,30.7,0,84,0,2020,0.0,0.0,0.0,0.0,0.0,5.0,8.571,0.571,0.143,0.143,-0.429,0.0,0.571,4.386,JordanHoward2020,NaN
341,JordanMatthews,0,28,2,0,0,0,0,227,0,2020,0.0,0.0,0.0,0.0,0.0,0.0,0.0,0.0,0.0,0.0,0.0,0.0,0.0,0.0,JordanMatthews2020,NaN
342,JordanReed,TE,30,10,0,8.88,73.1,0,28,0,2020,0.0,0.0,0.0,0.0,0.0,0.0,0.0,0.0,4.6,2.6,23.1,0.4,0.4,7.31,JordanReed2020,NaN
343,JordanThomas,TE,24,6,0,3.00,7.3,0,82,0,2020,0.0,0.0,0.0,0.0,0.0,0.0,0.0,0.0,0.333,0.167,0.5,0.167,0.167,1.217,JordanThomas2020,NaN
344,JordanWilkins,RB,26,15,3.67,8.75,61.3,0,69,0,2020,0.0,0.0,0.0,0.0,0.0,5.6,20.533,0.067,1.067,0.8,7.0,0.0,0.067,4.087,JordanWilkins2020,NaN
345,JoshAdams,RB,24,8,5.41,4.83,36.6,0,83,0,2020,0.0,0.0,0.0,0.0,0.0,3.625,19.625,0.25,1.0,0.75,3.625,0.0,0.25,4.575,JoshAdams2020,NaN
346,JoshAllen,QB,24,16,4.13,12.00,396.1,113,1,7,2020,24.75,35.75,284.0,2.312,0.625,6.375,26.312,0.5,0.062,0.062,0.75,0.062,0.562,24.756,JoshAllen2020,NaN
347,JoshHill,TE,30,14,0,5.75,18.6,0,74,0,2020,0.0,0.0,0.0,0.0,0.0,0.0,0.0,0.0,0.714,0.571,3.286,0.071,0.071,1.329,JoshHill2020,NaN
348,JoshJacobs,RB,22,15,3.90,7.21,231.3,68,8,19,2020,0.0,0.0,0.0,0.0,0.0,18.2,71.0,0.8,3.0,2.2,15.867,0.0,0.8,15.42,JoshJacobs2020,NaN
349,JoshMalone,WR,24,4,12.00,4.00,6.8,0,197,0,2020,0.0,0.0,0.0,0.0,0.0,0.25,3.0,0.0,1.5,1.0,4.0,0.0,0.0,1.7,JoshMalone2020,NaN
350,JoshReynolds,WR,25,16,5.00,11.88,124.3,0,66,0,2020,0.0,0.0,0.0,0.0,0.0,0.062,0.312,0.0,5.062,3.25,38.625,0.125,0.125,7.769,JoshReynolds2020,NaN
351,JoshuaDobbs,QB,25,1,10.00,0,2.1,0,69,0,2020,4.0,5.0,2.0,0.0,0.0,2.0,20.0,0.0,0.0,0.0,0.0,0.0,0.0,2.1,JoshuaDobbs2020,NaN
352,JoshuaKelley,RB,23,14,3.19,6.43,81.2,0,63,0,2020,0.0,0.0,0.0,0.0,0.0,7.929,25.286,0.143,1.643,1.643,10.571,0.0,0.143,5.8,JoshuaKelley2020,NaN
353,JosiahDeguara,TE,23,2,0,12.00,2.2,0,104,0,2020,0.0,0.0,0.0,0.0,0.0,0.0,0.0,0.0,1.0,0.5,6.0,0.0,0.0,1.1,JosiahDeguara2020,NaN
354,JuJuSmithSchuster,WR,24,16,0,8.57,234.1,11,23,63,2020,0.0,0.0,0.0,0.0,0.0,0.0,0.0,0.0,8.0,6.062,51.938,0.562,0.562,14.631,JuJuSmithSchuster2020,NaN
355,JulianEdelman,WR,34,6,11.00,15.00,56.2,0,111,0,2020,0.333,0.333,6.333,0.0,0.0,0.333,3.667,0.0,6.5,3.5,52.5,0.0,0.0,9.367,JulianEdelman2020,NaN
356,JulioJones,WR,31,9,0,15.12,146.1,0,54,0,2020,0.0,0.0,0.0,0.0,0.0,0.0,0.0,0.0,7.556,5.667,85.667,0.333,0.333,16.233,JulioJones2020,NaN
357,JusticeHill,RB,23,12,5.00,4.00,13.0,0,125,0,2020,0.0,0.0,0.0,0.0,0.0,1.0,5.0,0.0,0.417,0.417,1.667,0.0,0.0,1.083,JusticeHill2020,NaN
358,JustinHardee,0,26,10,0,0,0,0,232,0,2020,0.0,0.0,0.0,0.0,0.0,0.0,0.0,0.0,0.0,0.0,0.0,0.0,0.0,0.0,JustinHardee2020,NaN
359,JustinHerbert,QB,22,15,4.25,0,332.8,50,9,29,2020,26.4,39.667,289.067,2.067,0.667,3.667,15.6,0.333,0.0,0.0,0.0,0.0,0.333,22.187,JustinHerbert2020,NaN
360,JustinJackson,RB,24,9,4.58,9.11,65.3,0,72,0,2020,0.0,0.0,0.0,0.0,0.0,6.556,30.0,0.0,2.667,2.111,19.222,0.0,0.0,7.256,JustinJackson2020,NaN
361,JustinJefferson,WR,21,16,2.00,15.91,274.2,60,6,24,2020,0.0,0.0,0.0,0.0,0.0,0.062,0.125,0.0,7.812,5.5,87.5,0.438,0.438,17.138,JustinJefferson2020,NaN
362,JustinWatson,WR,24,11,0,13.43,16.4,0,169,0,2020,0.0,0.0,0.0,0.0,0.0,0.0,0.0,0.0,1.0,0.636,8.545,0.0,0.0,1.491,JustinWatson2020,NaN
363,JuwanJohnson,WR,24,7,0,9.75,7.9,0,190,0,2020,0.0,0.0,0.0,0.0,0.0,0.0,0.0,0.0,1.429,0.571,5.571,0.0,0.0,1.129,JuwanJohnson2020,NaN
364,JuwannWinfree,0,24,2,0,0,0,0,244,0,2020,0.0,0.0,0.0,0.0,0.0,0.0,0.0,0.0,0.0,0.0,0.0,0.0,0.0,0.0,JuwannWinfree2020,NaN
365,KJHamler,WR,21,13,4.44,12.70,90.1,0,84,0,2020,0.0,0.0,0.0,0.0,0.0,0.692,3.077,0.0,4.308,2.308,29.308,0.231,0.231,6.931,KJHamler2020,NaN
366,KJHill,WR,23,15,0,10.43,12.3,0,184,0,2020,0.0,0.0,0.0,0.0,0.0,0.0,0.0,0.0,0.733,0.467,4.867,0.0,0.0,0.82,KJHill2020,NaN
367,KadenSmith,TE,23,15,0,6.22,29.2,0,72,0,2020,0.0,0.0,0.0,0.0,0.0,0.0,0.0,0.0,1.4,1.2,7.467,0.0,0.0,1.947,KadenSmith2020,NaN
368,KahaleWarring,TE,23,7,0,11.67,6.5,0,95,0,2020,0.0,0.0,0.0,0.0,0.0,0.0,0.0,0.0,1.0,0.429,5.0,0.0,0.0,0.929,KahaleWarring2020,NaN
369,KalenBallage,RB,25,11,3.33,5.72,93.9,0,59,0,2020,0.0,0.0,0.0,0.0,0.0,8.273,27.545,0.273,3.364,2.636,15.091,0.0,0.273,8.536,KalenBallage2020,NaN
370,KalifRaymond,WR,26,15,-3.00,20.78,27.4,0,140,0,2020,0.0,0.0,0.0,0.0,0.0,0.067,-0.2,0.0,1.0,0.6,12.467,0.0,0.0,1.827,KalifRaymond2020,NaN
371,KareemHunt,RB,25,16,4.25,8.00,218.5,50,10,31,2020,0.0,0.0,0.0,0.0,0.0,12.375,52.562,0.375,3.188,2.375,19.0,0.312,0.688,13.656,KareemHunt2020,NaN
372,KeShawnVaughn,RB,23,10,4.19,6.80,23.3,0,97,0,2020,0.0,0.0,0.0,0.0,0.0,2.6,10.9,0.0,1.0,0.5,3.4,0.1,0.1,2.33,KeShawnVaughn2020,NaN
373,KeeSeanJohnson,WR,24,8,0,11.53,32.3,0,146,0,2020,0.0,0.0,0.0,0.0,0.0,0.0,0.0,0.0,2.875,1.875,21.625,0.0,0.0,4.037,KeeSeanJohnson2020,NaN
374,KeelanCole,WR,27,16,2.00,11.67,155.4,0,50,0,2020,0.0,0.0,0.0,0.0,0.0,0.062,0.125,0.0,5.5,3.438,40.125,0.312,0.375,9.712,KeelanCole2020,NaN
375,KeelanDoss,0,24,1,0,0,0,0,223,0,2020,0.0,0.0,0.0,0.0,0.0,0.0,0.0,0.0,0.0,0.0,0.0,0.0,0.0,0.0,KeelanDoss2020,NaN
376,KeenanAllen,WR,28,14,-1.00,9.92,245.1,19,19,51,2020,0.0,0.071,0.0,0.0,0.0,0.071,-0.071,0.0,10.5,7.143,70.857,0.571,0.571,17.507,KeenanAllen2020,NaN
377,KeithKirkwood,WR,26,1,0,13.00,2.3,0,209,0,2020,0.0,0.0,0.0,0.0,0.0,0.0,0.0,0.0,2.0,1.0,13.0,0.0,0.0,2.3,KeithKirkwood2020,NaN
378,KeithSmith,RB,28,16,1.75,5.36,17.6,0,131,0,2020,0.0,0.0,0.0,0.0,0.0,0.25,0.438,0.0,0.938,0.688,3.688,0.0,0.0,1.1,KeithSmith2020,NaN
379,KekeCoutee,WR,23,8,0,12.12,87.0,0,93,0,2020,0.0,0.0,0.0,0.0,0.0,0.0,0.0,0.0,5.0,4.125,50.0,0.375,0.375,10.875,KekeCoutee2020,NaN
380,KendallHinton,WR,23,1,3.50,0,-2.8,0,249,0,2020,1.0,9.0,13.0,0.0,2.0,2.0,7.0,0.0,0.0,0.0,0.0,0.0,0.0,-2.8,KendallHinton2020,NaN
381,KendrickBourne,WR,25,15,0,13.61,129.7,0,62,0,2020,0.0,0.0,0.0,0.0,0.0,0.0,0.0,0.0,4.933,3.267,44.467,0.133,0.133,8.647,KendrickBourne2020,NaN
382,KenjonBarner,0,31,6,0,0,0,0,164,0,2020,0.0,0.0,0.0,0.0,0.0,0.0,0.0,0.0,0.167,0.0,0.0,0.0,0.0,0.0,KenjonBarner2020,NaN
383,KennyGolladay,WR,27,5,0,16.90,65.8,0,102,0,2020,0.0,0.0,0.0,0.0,0.0,0.0,0.0,0.0,6.4,4.0,67.6,0.4,0.4,13.16,KennyGolladay2020,NaN
384,KennyStills,WR,28,10,0,13.09,31.4,0,136,0,2020,0.0,0.0,0.0,0.0,0.0,0.0,0.0,0.0,1.9,1.1,14.4,0.1,0.1,3.14,KennyStills2020,NaN
385,KenyanDrake,RB,26,15,4.00,5.48,192.2,37,12,35,2020,0.0,0.0,0.0,0.0,0.0,15.933,63.667,0.667,2.067,1.667,9.133,0.0,0.667,12.813,KenyanDrake2020,NaN
386,KerryonJohnson,RB,23,16,3.48,9.84,71.8,0,67,0,2020,0.0,0.0,0.0,0.0,0.0,3.25,11.312,0.125,1.625,1.188,11.688,0.062,0.188,4.488,KerryonJohnson2020,NaN
387,KevinRader,0,25,1,0,0,0,0,123,0,2020,0.0,0.0,0.0,0.0,0.0,0.0,0.0,0.0,1.0,0.0,0.0,0.0,0.0,0.0,KevinRader2020,NaN
388,KevinWhite,0,28,3,0,0,0,0,235,0,2020,0.0,0.0,0.0,0.0,0.0,0.0,0.0,0.0,0.0,0.0,0.0,0.0,0.0,0.0,KevinWhite2020,NaN
389,KhaDarelHodge,WR,25,9,0,16.36,29.0,0,142,0,2020,0.0,0.0,0.0,0.0,0.0,0.0,0.0,0.0,1.889,1.222,20.0,0.0,0.0,3.222,KhaDarelHodge2020,NaN
390,KhariBlasingame,RB,24,15,0,9.75,7.9,0,138,0,2020,0.0,0.0,0.0,0.0,0.0,0.0,0.0,0.0,0.333,0.267,2.6,0.0,0.0,0.527,KhariBlasingame2020,NaN
391,KirkCousins,QB,32,16,4.88,0,306.2,24,11,45,2020,21.812,32.25,266.562,2.188,0.812,2.0,9.75,0.062,0.0,0.0,0.0,0.0,0.062,19.138,KirkCousins2020,NaN
392,KyleAllen,QB,24,4,3.71,0,45.0,0,43,0,2020,15.0,21.75,152.5,1.0,0.25,1.75,6.5,0.25,0.0,0.0,0.0,0.0,0.25,11.25,KyleAllen2020,NaN
393,KyleJuszczyk,RB,29,16,3.76,10.63,81.6,0,60,0,2020,0.0,0.0,0.0,0.0,0.0,1.062,4.0,0.125,1.812,1.188,12.625,0.25,0.375,5.1,KyleJuszczyk2020,NaN
394,KyleRudolph,TE,31,12,0,11.93,65.4,0,41,0,2020,0.0,0.0,0.0,0.0,0.0,0.0,0.0,0.0,3.083,2.333,27.833,0.083,0.083,5.45,KyleRudolph2020,NaN
395,KylerMurray,QB,23,16,6.16,0,378.7,96,3,9,2020,23.438,34.875,248.188,1.625,0.75,8.312,51.188,0.688,0.0,0.0,0.0,0.0,0.688,23.669,KylerMurray2020,NaN
396,LaMicalPerine,RB,22,10,3.63,5.73,52.5,0,73,0,2020,0.0,0.0,0.0,0.0,0.0,6.4,23.2,0.2,1.5,1.1,6.3,0.0,0.2,5.25,LaMicalPerine2020,NaN
397,LamarJackson,QB,23,15,6.32,0,332.8,50,10,30,2020,16.133,25.067,183.8,1.733,0.6,10.6,67.0,0.467,0.0,0.0,0.0,0.0,0.467,22.187,LamarJackson2020,NaN
398,LamarMiller,RB,29,1,0,3.00,2.6,0,157,0,2020,0.0,0.0,0.0,0.0,0.0,0.0,0.0,0.0,2.0,2.0,6.0,0.0,0.0,2.6,LamarMiller2020,NaN
399,LaquonTreadwell,WR,25,5,0,8.17,22.9,0,147,0,2020,0.0,0.0,0.0,0.0,0.0,0.0,0.0,0.0,1.4,1.2,9.8,0.4,0.4,4.58,LaquonTreadwell2020,NaN
400,LarryFitzgerald,WR,37,13,0,7.57,100.9,0,101,0,2020,0.0,0.0,0.0,0.0,0.0,0.0,0.0,0.0,5.538,4.154,31.462,0.077,0.077,7.762,LarryFitzgerald2020,NaN
401,LataviusMurray,RB,30,15,4.49,7.65,136.2,0,32,0,2020,0.0,0.0,0.0,0.0,0.0,9.733,43.733,0.267,1.733,1.533,11.733,0.067,0.333,9.08,LataviusMurray2020,NaN
402,LaviskaShenaultJr,WR,22,14,5.06,10.34,157.1,0,51,0,2020,0.0,0.0,0.0,0.0,0.0,1.286,6.5,0.0,5.643,4.143,42.857,0.357,0.357,11.221,LaviskaShenaultJr2020,NaN
403,LawrenceCager,WR,23,2,0,17.50,5.5,0,194,0,2020,0.0,0.0,0.0,0.0,0.0,0.0,0.0,0.0,3.0,1.0,17.5,0.0,0.0,2.75,LawrenceCager2020,NaN
404,LeSeanMcCoy,RB,32,10,3.10,6.73,28.2,0,111,0,2020,0.0,0.0,0.0,0.0,0.0,1.0,3.1,0.0,1.9,1.5,10.1,0.0,0.0,2.82,LeSeanMcCoy2020,NaN
405,LeVanteBellamy,RB,24,5,2.75,5.00,2.6,0,148,0,2020,0.0,0.0,0.0,0.0,0.0,0.8,2.2,0.0,0.2,0.2,1.0,0.0,0.0,0.52,LeVanteBellamy2020,NaN
406,LeVeonBell,RB,28,11,4.00,8.63,74.6,0,62,0,2020,0.0,0.0,0.0,0.0,0.0,7.455,29.818,0.182,1.818,1.455,12.545,0.0,0.182,6.782,LeVeonBell2020,NaN
407,LeeSmith,WR,33,10,0,8.75,19.5,0,154,0,2020,0.0,0.0,0.0,0.0,0.0,0.0,0.0,0.0,0.6,0.4,3.5,0.2,0.2,1.95,LeeSmith2020,NaN
408,LeonardFournette,RB,25,13,3.78,6.47,132.0,0,39,0,2020,0.0,0.0,0.0,0.0,0.0,7.462,28.231,0.462,3.615,2.769,17.923,0.0,0.462,10.154,LeonardFournette2020,NaN
409,LevineToilolo,TE,29,16,0,9.20,9.6,0,88,0,2020,0.0,0.0,0.0,0.0,0.0,0.0,0.0,0.0,0.375,0.312,2.875,0.0,0.0,0.6,LevineToilolo2020,NaN
410,LilJordanHumphrey,WR,22,3,0,15.33,13.6,0,164,0,2020,0.0,0.0,0.0,0.0,0.0,0.0,0.0,0.0,1.667,1.0,15.333,0.333,0.333,4.533,LilJordanHumphrey2020,NaN
411,LoganThomas,TE,29,16,1.67,9.31,176.6,14,7,58,2020,0.062,0.062,1.75,0.0,0.0,0.188,0.312,0.0,6.875,4.5,41.875,0.375,0.375,11.038,LoganThomas2020,NaN
412,LoganWoodside,QB,25,6,1.43,0,1.3,0,74,0,2020,0.167,0.5,1.167,0.0,0.0,1.167,1.667,0.0,0.0,0.0,0.0,0.0,0.0,0.217,LoganWoodside2020,NaN
413,LukeStocker,TE,32,16,0,9.00,13.3,0,84,0,2020,0.0,0.0,0.0,0.0,0.0,0.0,0.0,0.0,0.688,0.438,3.938,0.0,0.0,0.831,LukeStocker2020,NaN
414,LukeWillson,TE,30,8,0,12.00,2.2,0,103,0,2020,0.0,0.0,0.0,0.0,0.0,0.0,0.0,0.0,0.375,0.125,1.5,0.0,0.0,0.275,LukeWillson2020,NaN
415,LynnBowdenJr,RB,23,10,3.56,7.54,53.6,0,88,0,2020,0.1,0.2,3.2,0.0,0.0,0.9,3.2,0.0,3.7,2.8,21.1,0.0,0.0,5.36,LynnBowdenJr2020,NaN
416,MackHollins,WR,27,16,0,11.00,37.6,0,132,0,2020,0.0,0.0,0.0,0.0,0.0,0.0,0.0,0.0,1.562,1.0,11.0,0.062,0.062,2.35,MackHollins2020,NaN
417,MalcolmBrown,RB,27,16,4.15,7.04,109.1,0,45,0,2020,0.0,0.0,0.0,0.0,0.0,6.312,26.188,0.312,2.062,1.438,10.125,0.0,0.312,6.819,MalcolmBrown2020,NaN
418,MalcolmPerry,RB,23,9,1.67,10.22,24.7,0,105,0,2020,0.0,0.0,0.0,0.0,0.0,0.333,0.556,0.0,1.444,1.0,10.222,0.111,0.111,2.744,MalcolmPerry2020,NaN
419,MalikTaylor,WR,25,15,9.00,13.20,18.5,0,158,0,2020,0.0,0.0,0.0,0.0,0.0,0.067,0.6,0.0,0.4,0.333,4.4,0.067,0.067,1.233,MalikTaylor2020,NaN
420,MalikTurner,0,24,6,0,0,0,0,226,0,2020,0.0,0.0,0.0,0.0,0.0,0.0,0.0,0.0,0.0,0.0,0.0,0.0,0.0,0.0,MalikTurner2020,NaN
421,MarcedesLewis,TE,36,15,0,10.70,38.7,0,51,0,2020,0.0,0.0,0.0,0.0,0.0,0.0,0.0,0.0,1.133,0.667,7.133,0.2,0.2,2.58,MarcedesLewis2020,NaN
422,MarcusBaugh,TE,26,8,0,2.00,1.2,0,113,0,2020,0.0,0.0,0.0,0.0,0.0,0.0,0.0,0.0,0.125,0.125,0.25,0.0,0.0,0.15,MarcusBaugh2020,NaN
423,MarcusJohnson,WR,26,11,0,18.21,39.5,0,129,0,2020,0.0,0.0,0.0,0.0,0.0,0.0,0.0,0.0,2.545,1.273,23.182,0.0,0.0,3.591,MarcusJohnson2020,NaN
424,MarcusKemp,WR,25,11,0,11.00,2.1,0,213,0,2020,0.0,0.0,0.0,0.0,0.0,0.0,0.0,0.0,0.091,0.091,1.0,0.0,0.0,0.191,MarcusKemp2020,NaN
425,MarcusMariota,QB,27,1,9.78,0,25.8,0,46,0,2020,17.0,28.0,226.0,1.0,1.0,9.0,88.0,1.0,0.0,0.0,0.0,0.0,1.0,25.8,MarcusMariota2020,NaN
426,MarkAndrews,TE,25,14,0,12.09,170.1,22,4,47,2020,0.0,0.0,0.0,0.0,0.0,0.0,0.0,0.0,6.286,4.143,50.071,0.5,0.5,12.15,MarkAndrews2020,NaN
427,MarkIngram,RB,31,11,4.15,8.33,52.9,0,71,0,2020,0.0,0.0,0.0,0.0,0.0,6.545,27.182,0.182,0.727,0.545,4.545,0.0,0.182,4.809,MarkIngram2020,NaN
428,MarkenMichel,0,27,2,0,0,0,0,219,0,2020,0.0,0.0,0.0,0.0,0.0,0.0,0.0,0.0,0.0,0.0,0.0,0.0,0.0,0.0,MarkenMichel2020,NaN
429,MarlonMack,RB,24,1,6.50,10.00,8.6,0,133,0,2020,0.0,0.0,0.0,0.0,0.0,4.0,26.0,0.0,3.0,3.0,30.0,0.0,0.0,8.6,MarlonMack2020,NaN
430,MarquezCallaway,WR,22,11,0,10.14,42.3,0,133,0,2020,0.0,0.0,0.0,0.0,0.0,0.0,0.0,0.0,2.455,1.909,19.364,0.0,0.0,3.845,MarquezCallaway2020,NaN
431,MarquezValdesScantling,WR,26,16,3.25,20.91,137.3,0,45,0,2020,0.0,0.0,0.0,0.0,0.0,0.25,0.812,0.0,3.938,2.062,43.125,0.375,0.375,8.581,MarquezValdesScantling2020,NaN
432,MarquiseBrown,WR,23,16,1.00,13.26,183.0,0,33,0,2020,0.0,0.0,0.0,0.0,0.0,0.062,0.062,0.0,6.25,3.625,48.062,0.5,0.5,11.438,MarquiseBrown2020,NaN
433,MarvinHall,WR,27,12,1.00,16.78,60.3,0,105,0,2020,0.0,0.0,0.0,0.0,0.0,0.083,0.083,0.0,2.667,1.5,25.167,0.167,0.167,5.025,MarvinHall2020,NaN
434,MarvinJones,WR,30,16,0,12.87,227.8,25,15,43,2020,0.0,0.0,0.0,0.0,0.0,0.0,0.0,0.0,7.188,4.75,61.125,0.562,0.562,14.238,MarvinJones2020,NaN
435,MasonRudolph,QB,25,5,-0.86,0,18.4,0,50,0,2020,5.0,8.6,64.8,0.4,0.2,1.4,-1.2,0.0,0.0,0.0,0.0,0.0,0.0,3.68,MasonRudolph2020,NaN
436,MasonSchreck,0,27,14,0,0,0,0,125,0,2020,0.0,0.0,0.0,0.0,0.0,0.0,0.0,0.0,0.071,0.0,0.0,0.0,0.0,0.0,MasonSchreck2020,NaN
437,MattBarkley,QB,30,5,-1.00,0,9.3,0,60,0,2020,2.2,4.2,39.4,0.2,0.2,1.2,-1.2,0.0,0.0,0.0,0.0,0.0,0.0,1.86,MattBarkley2020,NaN
438,MattBreida,RB,25,12,4.31,10.67,42.0,0,80,0,2020,0.0,0.0,0.0,0.0,0.0,4.917,21.167,0.0,0.833,0.75,8.0,0.0,0.0,3.5,MattBreida2020,NaN
439,MattRyan,QB,35,16,3.17,0,282.4,0,12,78,2020,25.438,39.125,286.312,1.625,0.688,1.812,5.75,0.125,0.0,0.0,0.0,0.0,0.125,17.65,MattRyan2020,NaN
440,MattSchaub,QB,39,1,-1.33,0,-0.4,0,79,0,2020,0.0,0.0,0.0,0.0,0.0,3.0,-4.0,0.0,0.0,0.0,0.0,0.0,0.0,-0.4,MattSchaub2020,NaN
441,MatthewSlater,0,35,16,0,0,0,0,242,0,2020,0.0,0.0,0.0,0.0,0.0,0.0,0.0,0.0,0.0,0.0,0.0,0.0,0.0,0.0,MatthewSlater2020,NaN
442,MatthewStafford,QB,32,16,3.86,0,260.6,0,15,0,2020,21.188,33.0,255.25,1.625,0.625,1.812,7.0,0.0,0.062,0.0,0.0,0.0,0.0,16.288,MatthewStafford2020,NaN
443,MaxxWilliams,TE,26,9,0,12.75,24.2,0,66,0,2020,0.0,0.0,0.0,0.0,0.0,0.0,0.0,0.0,1.111,0.889,11.333,0.111,0.111,2.689,MaxxWilliams2020,NaN
444,MecoleHardman,WR,22,16,7.75,13.66,128.1,0,58,0,2020,0.0,0.0,0.0,0.0,0.0,0.25,1.938,0.0,3.875,2.562,35.0,0.25,0.312,8.006,MecoleHardman2020,NaN
445,MelvinGordon,RB,27,15,4.59,4.94,198.4,36,13,36,2020,0.0,0.0,0.0,0.0,0.0,14.333,65.733,0.6,2.933,2.133,10.533,0.067,0.667,13.227,MelvinGordon2020,NaN
446,MichaelBurton,RB,28,15,2.57,7.00,8.6,0,136,0,2020,0.0,0.0,0.0,0.0,0.0,0.467,1.2,0.0,0.267,0.267,1.867,0.0,0.0,0.573,MichaelBurton2020,NaN
447,MichaelGallup,WR,24,16,0,14.29,173.3,0,37,0,2020,0.0,0.0,0.0,0.0,0.0,0.0,0.0,0.0,6.562,3.688,52.688,0.312,0.312,10.831,MichaelGallup2020,NaN
448,MichaelPittmanJr,WR,23,13,8.67,12.58,98.9,0,87,0,2020,0.0,0.0,0.0,0.0,0.0,0.231,2.0,0.0,4.692,3.077,38.692,0.077,0.077,7.608,MichaelPittmanJr2020,NaN
449,MichaelThomas,WR,27,7,1.00,10.95,83.9,0,104,0,2020,0.0,0.0,0.0,0.0,0.0,0.143,0.143,0.0,7.857,5.714,62.571,0.0,0.0,11.986,MichaelThomas2020,NaN
450,MikeBoone,RB,25,16,5.36,5.00,14.9,0,112,0,2020,0.0,0.0,0.0,0.0,0.0,0.688,3.688,0.062,0.125,0.125,0.625,0.0,0.062,0.931,MikeBoone2020,NaN
451,MikeDavis,RB,27,15,3.89,6.32,206.5,17,18,54,2020,0.0,0.0,0.0,0.0,0.0,11.0,42.8,0.4,4.667,3.933,24.867,0.133,0.533,13.767,MikeDavis2020,NaN
452,MikeEvans,WR,27,16,0,14.37,248.6,52,8,27,2020,0.0,0.0,0.0,0.0,0.0,0.0,0.0,0.0,6.812,4.375,62.875,0.812,0.812,15.538,MikeEvans2020,NaN
453,MikeGesicki,TE,25,15,0,13.26,159.3,16,6,57,2020,0.0,0.0,0.0,0.0,0.0,0.0,0.0,0.0,5.667,3.533,46.867,0.4,0.4,10.62,MikeGesicki2020,NaN
454,MikeGlennon,QB,31,5,2.83,0,60.6,0,39,0,2020,22.2,35.8,214.4,1.4,1.0,1.2,3.4,0.0,0.0,0.0,0.0,0.0,0.0,12.12,MikeGlennon2020,NaN
455,MikeThomas,WR,26,14,1.00,10.15,30.3,0,145,0,2020,0.0,0.0,0.0,0.0,0.0,0.071,0.071,0.0,1.5,0.929,9.429,0.071,0.071,2.164,MikeThomas2020,NaN
456,MikeWilliams,WR,26,15,1.00,15.75,153.7,0,43,0,2020,0.0,0.0,0.0,0.0,0.0,0.067,0.067,0.0,5.667,3.2,50.4,0.333,0.333,10.247,MikeWilliams2020,NaN
457,MilesBoykin,WR,24,16,0,14.00,69.6,0,96,0,2020,0.0,0.0,0.0,0.0,0.0,0.0,0.0,0.0,2.062,1.188,16.625,0.25,0.25,4.35,MilesBoykin2020,NaN
458,MilesSanders,RB,23,12,5.29,7.04,170.4,12,21,61,2020,0.0,0.0,0.0,0.0,0.0,13.667,72.25,0.5,4.333,2.333,16.417,0.0,0.5,14.2,MilesSanders2020,NaN
459,MitchellTrubisky,QB,26,10,5.91,0,153.7,0,27,0,2020,19.9,29.7,205.5,1.6,0.8,3.3,19.5,0.1,0.0,0.0,0.0,0.0,0.1,15.37,MitchellTrubisky2020,NaN
460,MoAlieCox,TE,27,15,0,12.71,80.4,0,27,0,2020,0.0,0.0,0.0,0.0,0.0,0.0,0.0,0.0,2.6,2.067,26.267,0.133,0.133,5.36,MoAlieCox2020,NaN
461,MohamedSanu,WR,31,10,3.00,11.00,44.0,0,128,0,2020,0.0,0.0,0.0,0.0,0.0,0.1,0.3,0.0,2.4,1.7,18.7,0.1,0.1,4.4,MohamedSanu2020,NaN
462,MyColePruitt,TE,28,11,0,9.80,27.9,0,60,0,2020,0.0,0.0,0.0,0.0,0.0,0.0,0.0,0.0,0.727,0.455,4.455,0.182,0.273,2.536,MyColePruitt2020,NaN
463,MylesGaskin,RB,23,10,4.11,9.46,164.2,0,27,0,2020,0.0,0.0,0.0,0.0,0.0,14.2,58.4,0.3,4.7,4.1,38.8,0.2,0.5,16.42,MylesGaskin2020,NaN
464,NKealHarry,WR,23,14,0.00,9.36,73.9,0,108,0,2020,0.0,0.0,0.0,0.0,0.0,0.143,0.0,0.0,4.071,2.357,22.071,0.143,0.143,5.279,NKealHarry2020,NaN
465,NateSudfeld,QB,27,1,6.00,0,-1.5,0,81,0,2020,5.0,12.0,32.0,0.0,1.0,2.0,12.0,0.0,0.0,0.0,0.0,0.0,0.0,-1.5,NateSudfeld2020,NaN
466,NathanPeterman,QB,26,1,9.00,0,1.9,0,71,0,2020,3.0,5.0,25.0,0.0,0.0,1.0,9.0,0.0,0.0,0.0,0.0,0.0,0.0,1.9,NathanPeterman2020,NaN
467,NelsonAgholor,WR,27,16,0,18.67,185.6,11,22,62,2020,0.0,0.0,0.0,0.0,0.0,0.0,0.0,0.0,5.125,3.0,56.0,0.5,0.5,11.6,NelsonAgholor2020,NaN
468,NickBellore,RB,31,16,5.00,9.00,2.4,0,150,0,2020,0.0,0.0,0.0,0.0,0.0,0.062,0.312,0.0,0.062,0.062,0.562,0.0,0.0,0.15,NickBellore2020,NaN
469,NickBoyle,TE,27,9,0,8.07,37.3,0,58,0,2020,0.0,0.0,0.0,0.0,0.0,0.0,0.0,0.0,1.889,1.556,12.556,0.222,0.222,4.144,NickBoyle2020,NaN
470,NickChubb,RB,25,12,5.62,9.38,207.7,62,9,22,2020,0.0,0.0,0.0,0.0,0.0,15.833,88.917,1.0,1.5,1.333,12.5,0.0,1.0,17.308,NickChubb2020,NaN
471,NickFoles,QB,31,9,0.06,0,104.2,0,35,0,2020,22.444,34.667,205.778,1.111,0.889,1.778,0.111,0.111,0.0,0.0,0.0,0.0,0.111,11.578,NickFoles2020,NaN
472,NickKeizer,TE,25,16,0,10.50,10.3,0,91,0,2020,0.0,0.0,0.0,0.0,0.0,0.0,0.0,0.0,0.562,0.375,3.938,0.0,0.0,0.644,NickKeizer2020,NaN
473,NickMullens,QB,25,10,0.89,0,116.3,0,33,0,2020,21.1,32.6,243.7,1.2,1.2,0.9,0.8,0.0,0.0,0.0,0.0,0.0,0.0,11.63,NickMullens2020,NaN
474,NickVannett,TE,27,15,0,6.79,29.5,0,67,0,2020,0.0,0.0,0.0,0.0,0.0,0.0,0.0,0.0,1.4,0.933,6.333,0.067,0.067,1.967,NickVannett2020,NaN
475,NickWestbrookIkhine,WR,23,14,0,11.00,8.3,0,185,0,2020,0.0,0.0,0.0,0.0,0.0,0.0,0.0,0.0,0.571,0.214,2.357,0.0,0.0,0.593,NickWestbrookIkhine2020,NaN
476,NoahBrown,WR,24,16,4.00,11.00,29.8,0,153,0,2020,0.0,0.0,0.0,0.0,0.0,0.062,0.25,0.0,1.5,0.875,9.625,0.0,0.0,1.862,NoahBrown2020,NaN
477,NoahFant,TE,23,15,0,10.85,149.3,0,13,0,2020,0.0,0.0,0.0,0.0,0.0,0.0,0.0,0.0,6.2,4.133,44.867,0.2,0.2,9.953,NoahFant2020,NaN
478,NsimbaWebster,0,24,16,0,0,-2.0,0,248,0,2020,0.0,0.0,0.0,0.0,0.0,0.0,0.0,0.0,0.0,0.0,0.0,0.0,0.0,-0.125,NsimbaWebster2020,NaN
479,NyheimHines,RB,24,16,4.27,7.65,193.2,0,24,77,2020,0.0,0.0,0.0,0.0,0.0,5.562,23.75,0.188,4.75,3.938,30.125,0.25,0.438,12.075,NyheimHines2020,NaN
480,OJHoward,TE,26,4,0,13.27,37.6,0,53,0,2020,0.0,0.0,0.0,0.0,0.0,0.0,0.0,0.0,4.75,2.75,36.5,0.5,0.5,9.4,OJHoward2020,NaN
481,OdellBeckhamJr,WR,28,7,24.00,13.87,86.8,0,77,0,2020,0.143,0.143,2.571,0.0,0.0,0.429,10.286,0.143,6.143,3.286,45.571,0.429,0.571,12.4,OdellBeckhamJr2020,NaN
482,OlabisiJohnson,WR,23,16,0,13.50,34.9,0,134,0,2020,0.0,0.0,0.0,0.0,0.0,0.0,0.0,0.0,1.188,0.875,11.812,0.0,0.0,2.181,OlabisiJohnson2020,NaN
483,OlamideZaccheaus,WR,23,11,0.00,13.70,53.4,0,115,0,2020,0.0,0.0,0.0,0.0,0.0,0.091,0.0,0.0,2.909,1.818,24.909,0.091,0.091,4.855,OlamideZaccheaus2020,NaN
484,ParrisCampbell,WR,23,2,8.00,11.83,14.7,0,173,0,2020,0.0,0.0,0.0,0.0,0.0,1.0,8.0,0.0,4.5,3.0,35.5,0.0,0.0,7.35,ParrisCampbell2020,NaN
485,PatrickLaird,RB,25,16,5.54,6.80,22.0,0,116,0,2020,0.0,0.0,0.0,0.0,0.0,0.812,4.5,0.0,0.75,0.625,4.25,0.0,0.0,1.375,PatrickLaird2020,NaN
486,PatrickMahomes,QB,25,15,4.97,0,374.4,92,4,10,2020,26.0,39.2,316.0,2.533,0.4,4.133,20.533,0.133,0.133,0.0,0.0,0.0,0.133,24.96,PatrickMahomes2020,NaN
487,PatrickRicard,RB,26,15,-1.00,5.00,17.4,0,124,0,2020,0.0,0.0,0.0,0.0,0.0,0.067,-0.067,0.0,0.8,0.6,3.0,0.067,0.067,1.16,PatrickRicard2020,NaN
488,PennyHart,WR,24,13,19.00,3.00,3.2,0,201,0,2020,0.0,0.0,0.0,0.0,0.0,0.077,1.462,0.0,0.077,0.077,0.231,0.0,0.0,0.246,PennyHart2020,NaN
489,PeytonBarber,RB,26,16,2.74,3.00,55.0,0,68,0,2020,0.0,0.0,0.0,0.0,0.0,5.875,16.125,0.25,0.438,0.25,0.75,0.0,0.25,3.438,PeytonBarber2020,NaN
490,PharaohBrown,TE,26,13,0,11.64,42.3,0,52,0,2020,0.0,0.0,0.0,0.0,0.0,0.0,0.0,0.0,1.231,1.077,12.538,0.154,0.154,3.254,PharaohBrown2020,NaN
491,PharohCooper,WR,25,16,0,14.60,12.3,0,176,0,2020,0.0,0.0,0.0,0.0,0.0,0.0,0.0,0.0,0.5,0.312,4.562,0.0,0.0,0.769,PharohCooper2020,NaN
492,PhilipRivers,QB,39,16,-0.44,0,240.0,0,20,0,2020,23.062,33.938,260.562,1.5,0.688,1.125,-0.5,0.0,0.0,0.0,0.0,0.0,0.0,15.0,PhilipRivers2020,NaN
493,PhillipLindsay,RB,26,11,4.25,4.00,66.0,0,61,0,2020,0.0,0.0,0.0,0.0,0.0,10.727,45.636,0.091,1.273,0.636,2.545,0.0,0.091,6.0,PhillipLindsay2020,NaN
494,PhillipWalker,QB,25,4,-0.40,0,8.5,0,62,0,2020,8.0,14.0,92.0,0.25,1.25,1.25,-0.5,0.0,0.25,0.0,0.0,0.0,0.0,2.125,PhillipWalker2020,NaN
495,PrestonWilliams,WR,23,8,0,16.00,74.8,0,90,0,2020,0.0,0.0,0.0,0.0,0.0,0.0,0.0,0.0,4.375,2.25,36.0,0.5,0.5,9.35,PrestonWilliams2020,NaN
496,QadreeOllison,RB,24,3,3.00,0,0.3,0,161,0,2020,0.0,0.0,0.0,0.0,0.0,0.333,1.0,0.0,0.0,0.0,0.0,0.0,0.0,0.1,QadreeOllison2020,NaN
497,QuezWatkins,WR,22,6,0,15.14,23.6,0,150,0,2020,0.0,0.0,0.0,0.0,0.0,0.0,0.0,0.0,2.167,1.167,17.667,0.167,0.167,3.933,QuezWatkins2020,NaN
498,QuintezCephus,WR,22,13,0,17.45,66.9,0,100,0,2020,0.0,0.0,0.0,0.0,0.0,0.0,0.0,0.0,2.692,1.538,26.846,0.154,0.154,5.146,QuintezCephus2020,NaN
499,RaheemMostert,RB,28,8,5.01,9.75,99.7,0,47,0,2020,0.0,0.0,0.0,0.0,0.0,13.0,65.125,0.25,2.375,2.0,19.5,0.125,0.375,12.462,RaheemMostert2020,NaN
500,RandallCobb,WR,30,10,0,11.61,100.1,0,80,0,2020,0.0,0.1,0.0,0.0,0.0,0.0,0.0,0.0,4.8,3.8,44.1,0.3,0.3,10.01,RandallCobb2020,NaN
501,RashaadPenny,RB,24,3,3.09,0,3.4,0,140,0,2020,0.0,0.0,0.0,0.0,0.0,3.667,11.333,0.0,0.0,0.0,0.0,0.0,0.0,1.133,RashaadPenny2020,NaN
502,RashardHiggins,WR,26,13,0,16.19,120.9,0,59,0,2020,0.0,0.0,0.0,0.0,0.0,0.0,0.0,0.0,4.0,2.846,46.077,0.308,0.308,9.3,RashardHiggins2020,NaN
503,RayRayMcCloud,WR,24,16,16.25,3.85,32.2,0,160,0,2020,0.0,0.0,0.0,0.0,0.0,0.25,4.062,0.0,1.375,1.25,4.812,0.0,0.0,2.013,RayRayMcCloud2020,NaN
504,ReggieBonnafon,RB,24,2,5.75,9.00,16.7,0,109,0,2020,0.0,0.0,0.0,0.0,0.0,6.0,34.5,0.0,1.0,1.0,9.0,0.5,0.5,8.35,ReggieBonnafon2020,NaN
505,ReggieGilliam,TE,23,14,0,8.00,9.6,0,80,0,2020,0.0,0.0,0.0,0.0,0.0,0.0,0.0,0.0,0.143,0.143,1.143,0.071,0.071,0.686,ReggieGilliam2020,NaN
506,RexBurkhead,RB,30,10,4.09,7.68,107.6,0,48,0,2020,0.0,0.0,0.0,0.0,0.0,6.7,27.4,0.3,3.3,2.5,19.2,0.3,0.6,10.76,RexBurkhead2020,NaN
507,RichardRodgers,TE,28,14,0,14.38,70.5,0,31,0,2020,0.0,0.0,0.0,0.0,0.0,0.0,0.0,0.0,2.214,1.714,24.643,0.143,0.143,5.036,RichardRodgers2020,NaN
508,RichieJames,WR,25,11,0,17.13,64.4,0,106,0,2020,0.0,0.0,0.0,0.0,0.0,0.0,0.0,0.0,3.182,2.091,35.818,0.091,0.091,5.855,RichieJames2020,NaN
509,RickySealsJones,0,25,2,0,0,0,0,241,0,2020,0.0,0.0,0.0,0.0,0.0,0.0,0.0,0.0,0.5,0.0,0.0,0.0,0.0,0.0,RickySealsJones2020,NaN
510,RicoDowdle,RB,22,15,3.43,0,2.4,0,144,0,2020,0.0,0.0,0.0,0.0,0.0,0.467,1.6,0.0,0.0,0.0,0.0,0.0,0.0,0.16,RicoDowdle2020,NaN
511,RicoGafford,0,24,3,0,0,0,0,234,0,2020,0.0,0.0,0.0,0.0,0.0,0.0,0.0,0.0,0.667,0.0,0.0,0.0,0.0,0.0,RicoGafford2020,NaN
512,RileyRidley,WR,24,5,0,9.75,7.9,0,191,0,2020,0.0,0.0,0.0,0.0,0.0,0.0,0.0,0.0,0.8,0.8,7.8,0.0,0.0,1.58,RileyRidley2020,NaN
513,RiverCracraft,WR,26,9,0,6.83,10.1,0,188,0,2020,0.0,0.0,0.0,0.0,0.0,0.0,0.0,0.0,1.0,0.667,4.556,0.0,0.0,1.122,RiverCracraft2020,NaN
514,RobGronkowski,TE,31,16,0,13.84,149.3,14,8,59,2020,0.0,0.0,0.0,0.0,0.0,0.0,0.0,0.0,4.812,2.812,38.938,0.438,0.438,9.331,RobGronkowski2020,NaN
515,RobbyAnderson,WR,27,16,3.75,11.54,224.1,3,28,72,2020,0.0,0.0,0.0,0.0,0.0,0.25,0.938,0.0,8.5,5.938,68.5,0.188,0.188,14.006,RobbyAnderson2020,NaN
516,RobertFoster,WR,26,4,0,18.50,5.7,0,192,0,2020,0.0,0.0,0.0,0.0,0.0,0.0,0.0,0.0,1.5,0.5,9.25,0.0,0.0,1.425,RobertFoster2020,NaN
517,RobertGriffinIII,QB,30,4,5.75,0,2.6,0,66,0,2020,2.0,3.5,10.5,0.0,0.5,3.0,17.25,0.0,0.0,0.0,0.0,0.0,0.0,0.65,RobertGriffinIII2020,NaN
518,RobertTonyan,TE,26,16,0,11.27,176.6,34,3,39,2020,0.0,0.0,0.0,0.0,0.0,0.0,0.0,0.0,3.688,3.25,36.625,0.688,0.688,11.038,RobertTonyan2020,NaN
519,RobertWoods,WR,28,16,6.46,10.40,245.1,29,13,40,2020,0.0,0.0,0.0,0.0,0.0,1.5,9.688,0.125,8.062,5.625,58.5,0.375,0.5,15.319,RobertWoods2020,NaN
520,RodneySmith,RB,24,7,3.80,6.56,36.5,0,86,0,2020,0.0,0.0,0.0,0.0,0.0,5.857,22.286,0.143,1.571,1.286,8.429,0.0,0.143,5.214,RodneySmith2020,NaN
521,RonaldJonesII,RB,23,14,5.09,5.89,186.3,28,15,41,2020,0.0,0.0,0.0,0.0,0.0,13.714,69.857,0.5,3.0,2.0,11.786,0.071,0.571,13.307,RonaldJonesII2020,NaN
522,RossDwelley,TE,25,16,0,12.89,49.5,0,48,0,2020,0.0,0.0,0.0,0.0,0.0,0.0,0.0,0.0,1.5,1.188,15.312,0.062,0.062,3.094,RossDwelley2020,NaN
523,RossTravis,0,27,1,0,0,0,0,114,0,2020,0.0,0.0,0.0,0.0,0.0,0.0,0.0,0.0,0.0,0.0,0.0,0.0,0.0,0.0,RossTravis2020,NaN
524,RoyceFreeman,RB,24,16,4.86,6.75,37.1,0,89,0,2020,0.0,0.0,0.0,0.0,0.0,2.188,10.625,0.0,0.812,0.75,5.062,0.0,0.0,2.319,RoyceFreeman2020,NaN
525,RussellGage,WR,24,16,4.50,10.92,181.1,0,41,0,2020,0.062,0.125,2.438,0.062,0.0,0.125,0.562,0.0,6.812,4.5,49.125,0.25,0.25,11.319,RussellGage2020,NaN
526,RussellWilson,QB,32,16,6.18,0,359.8,77,6,16,2020,24.0,34.875,263.25,2.5,0.812,5.188,32.062,0.125,0.0,0.0,0.0,0.0,0.125,22.488,RussellWilson2020,NaN
527,RyanFinley,QB,26,5,6.00,0,19.2,0,49,0,2020,3.4,6.4,32.8,0.2,0.4,2.2,13.2,0.2,0.0,0.0,0.0,0.0,0.2,3.84,RyanFinley2020,NaN
528,RyanFitzpatrick,QB,38,9,5.03,0.00,153.7,0,28,0,2020,20.333,29.667,232.333,1.444,0.889,3.333,16.778,0.222,0.111,0.111,0.0,0.0,0.222,17.078,RyanFitzpatrick2020,NaN
529,RyanGriffin,TE,30,15,0,9.56,17.6,0,79,0,2020,0.0,0.0,0.0,0.0,0.0,0.0,0.0,0.0,0.8,0.6,5.733,0.0,0.0,1.173,RyanGriffin2020,NaN
530,RyanIzzo,TE,25,12,0,15.31,30.9,0,64,0,2020,0.0,0.0,0.0,0.0,0.0,0.0,0.0,0.0,1.667,1.083,16.583,0.0,0.0,2.575,RyanIzzo2020,NaN
531,RyanNall,RB,25,16,0.00,8.38,20.7,0,114,0,2020,0.0,0.0,0.0,0.0,0.0,0.188,0.0,0.0,0.562,0.5,4.188,0.062,0.062,1.294,RyanNall2020,NaN
532,RyanTannehill,QB,32,16,6.19,0.00,344.4,61,7,23,2020,19.688,30.062,238.688,2.062,0.438,2.688,16.625,0.438,0.062,0.062,0.0,0.0,0.438,21.525,RyanTannehill2020,NaN
533,SalvonAhmed,RB,22,6,4.25,5.55,69.0,0,64,0,2020,0.0,0.0,0.0,0.0,0.0,12.5,53.167,0.5,2.333,1.833,10.167,0.0,0.5,11.5,SalvonAhmed2020,NaN
534,SamDarnold,QB,23,12,5.86,0,134.0,0,32,0,2020,18.083,30.333,184.0,0.75,0.917,3.083,18.083,0.167,0.0,0.0,0.0,0.0,0.167,11.167,SamDarnold2020,NaN
535,SamajePerine,RB,25,16,4.78,6.00,65.7,0,66,0,2020,0.0,0.0,0.0,0.0,0.0,3.938,18.812,0.188,0.75,0.688,4.125,0.0,0.188,4.106,SamajePerine2020,NaN
536,SammyWatkins,WR,27,10,3.00,11.38,87.4,0,97,0,2020,0.0,0.1,0.0,0.0,0.1,0.1,0.3,0.0,5.5,3.7,42.1,0.2,0.2,8.74,SammyWatkins2020,NaN
537,SaquonBarkley,RB,23,2,1.79,10.00,15.4,0,122,0,2020,0.0,0.0,0.0,0.0,0.0,9.5,17.0,0.0,4.5,3.0,30.0,0.0,0.0,7.7,SaquonBarkley2020,NaN
538,ScottMiller,WR,23,16,4.67,15.18,102.5,0,69,0,2020,0.0,0.0,0.0,0.0,0.0,0.188,0.875,0.0,3.312,2.062,31.312,0.188,0.188,6.406,ScottMiller2020,NaN
539,ScottiePhillips,RB,23,8,4.50,7.00,2.6,0,147,0,2020,0.0,0.0,0.0,0.0,0.0,0.25,1.125,0.0,0.125,0.125,0.875,0.0,0.0,0.325,ScottiePhillips2020,NaN
540,SeanCulkin,0,27,1,0,0,0,0,124,0,2020,0.0,0.0,0.0,0.0,0.0,0.0,0.0,0.0,0.0,0.0,0.0,0.0,0.0,0.0,SeanCulkin2020,NaN
541,SenorisePerry,RB,29,7,4.50,0,0.9,0,153,0,2020,0.0,0.0,0.0,0.0,0.0,0.286,1.286,0.0,0.0,0.0,0.0,0.0,0.0,0.129,SenorisePerry2020,NaN
542,SethDevalve,0,27,4,0,0,0,0,120,0,2020,0.0,0.0,0.0,0.0,0.0,0.0,0.0,0.0,0.25,0.0,0.0,0.0,0.0,0.0,SethDevalve2020,NaN
543,SethRoberts,WR,29,7,0,7.75,7.1,0,196,0,2020,0.0,0.0,0.0,0.0,0.0,0.0,0.0,0.0,0.857,0.571,4.429,0.0,0.0,1.014,SethRoberts2020,NaN
544,SonyMichel,RB,25,9,5.68,16.29,75.3,0,56,0,2020,0.0,0.0,0.0,0.0,0.0,8.778,49.889,0.111,1.0,0.778,12.667,0.111,0.222,8.367,SonyMichel2020,NaN
545,StanleyMorganJr,0,24,6,0,0,0,0,220,0,2020,0.0,0.0,0.0,0.0,0.0,0.0,0.0,0.0,0.0,0.0,0.0,0.0,0.0,0.0,StanleyMorganJr2020,NaN
546,StefonDiggs,WR,27,16,1.00,12.09,328.6,75,3,17,2020,0.0,0.0,0.0,0.0,0.0,0.062,0.062,0.0,10.375,7.938,95.938,0.5,0.5,20.538,StefonDiggs2020,NaN
547,StephenAnderson,TE,27,16,0,13.25,18.6,0,75,0,2020,0.0,0.0,0.0,0.0,0.0,0.0,0.0,0.0,0.688,0.5,6.625,0.0,0.0,1.162,StephenAnderson2020,NaN
548,StephenCarlson,TE,24,16,0,11.00,4.1,0,96,0,2020,0.0,0.0,0.0,0.0,0.0,0.0,0.0,0.0,0.125,0.062,0.688,0.0,0.0,0.256,StephenCarlson2020,NaN
549,SterlingShepard,WR,27,12,8.17,9.94,162.5,0,53,0,2020,0.0,0.0,0.0,0.0,0.0,0.5,4.083,0.083,7.5,5.5,54.667,0.25,0.333,13.542,SterlingShepard2020,NaN
550,StevenMitchell,WR,26,6,0,12.00,11.0,0,182,0,2020,0.0,0.0,0.0,0.0,0.0,0.0,0.0,0.0,1.333,0.833,10.0,0.0,0.0,1.833,StevenMitchell2020,NaN
551,StevenSims,WR,23,12,18.00,9.81,57.3,0,118,0,2020,0.0,0.0,0.0,0.0,0.0,0.083,1.5,0.0,3.083,2.25,22.083,0.083,0.083,4.775,StevenSims2020,NaN
552,TJHockenson,TE,23,16,0.00,10.79,175.3,18,5,53,2020,0.0,0.0,0.0,0.0,0.0,0.062,0.0,0.0,6.312,4.188,45.188,0.375,0.375,10.956,TJHockenson2020,NaN
553,TJYeldon,RB,27,3,7.00,22.00,16.2,0,107,0,2020,0.0,0.0,0.0,0.0,0.0,3.333,23.333,0.0,1.333,0.333,7.333,0.333,0.333,5.4,TJYeldon2020,NaN
554,TYHilton,WR,31,15,0,13.61,164.2,0,42,0,2020,0.0,0.0,0.0,0.0,0.0,0.0,0.0,0.0,6.2,3.733,50.8,0.333,0.333,10.947,TYHilton2020,NaN
555,TajaeSharpe,0,26,4,0,0,0,0,233,0,2020,0.0,0.0,0.0,0.0,0.0,0.0,0.0,0.0,0.75,0.0,0.0,0.0,0.0,0.0,TajaeSharpe2020,NaN
556,TannerHudson,TE,26,11,0,13.67,7.1,0,92,0,2020,0.0,0.0,0.0,0.0,0.0,0.0,0.0,0.0,0.636,0.273,3.727,0.0,0.0,0.645,TannerHudson2020,NaN
557,TarikCohen,RB,25,3,5.29,6.83,17.5,0,118,0,2020,0.0,0.0,0.0,0.0,0.0,4.667,24.667,0.0,3.0,2.0,13.667,0.0,0.0,5.833,TarikCohen2020,NaN
558,TavonAustin,WR,30,4,0,4.00,5.0,0,222,0,2020,0.0,0.0,0.0,0.0,0.0,0.0,0.0,0.0,1.25,1.25,5.0,0.0,0.0,1.25,TavonAustin2020,NaN
559,TaylorHeinicke,QB,27,1,7.33,0,11.7,0,57,0,2020,12.0,19.0,137.0,1.0,0.0,3.0,22.0,0.0,0.0,0.0,0.0,0.0,0.0,11.7,TaylorHeinicke2020,NaN
560,TaysomHill,WR,30,16,5.25,12.25,156.6,22,17,46,2020,5.5,7.562,58.0,0.25,0.125,5.438,28.562,0.5,0.75,0.5,6.125,0.062,0.562,9.788,TaysomHill2020,NaN
561,TaywanTaylor,0,25,3,0,0,0,0,230,0,2020,0.0,0.0,0.0,0.0,0.0,0.0,0.0,0.0,0.333,0.0,0.0,0.0,0.0,0.0,TaywanTaylor2020,NaN
562,TedGinnJr,WR,35,6,0,13.33,7.0,0,189,0,2020,0.0,0.0,0.0,0.0,0.0,0.0,0.0,0.0,1.0,0.5,6.667,0.0,0.0,1.167,TedGinnJr2020,NaN
563,TeddyBridgewater,QB,28,15,5.26,0,241.2,0,18,0,2020,22.667,32.8,248.867,1.0,0.733,3.533,18.6,0.333,0.0,0.0,0.0,0.0,0.333,16.08,TeddyBridgewater2020,NaN
564,TeeHiggins,WR,21,16,5.60,13.55,194.6,1,29,74,2020,0.0,0.0,0.0,0.0,0.0,0.312,1.75,0.0,6.75,4.188,56.75,0.375,0.375,12.162,TeeHiggins2020,NaN
565,TemarrickHemingway,TE,27,8,0,10.00,2.0,0,106,0,2020,0.0,0.0,0.0,0.0,0.0,0.0,0.0,0.0,0.25,0.125,1.25,0.0,0.0,0.25,TemarrickHemingway2020,NaN
566,TerryGodwin,WR,24,3,3.00,10.67,6.5,0,193,0,2020,0.0,0.0,0.0,0.0,0.0,0.333,1.0,0.0,2.0,1.0,10.667,0.0,0.0,2.167,TerryGodwin2020,NaN
567,TerryMcLaurin,WR,25,15,15.00,12.85,223.8,10,24,64,2020,0.0,0.0,0.0,0.0,0.0,0.133,2.0,0.0,8.933,5.8,74.533,0.267,0.267,14.92,TerryMcLaurin2020,NaN
568,TevinColeman,RB,27,8,1.89,8.50,12.7,0,123,0,2020,0.0,0.0,0.0,0.0,0.0,3.5,6.625,0.0,0.625,0.5,4.25,0.0,0.0,1.588,TevinColeman2020,NaN
569,TheoRiddick,RB,29,4,2.33,8.60,10.7,0,132,0,2020,0.0,0.0,0.0,0.0,0.0,1.5,3.5,0.0,1.5,1.25,10.75,0.0,0.0,2.675,TheoRiddick2020,NaN
570,TimBoyle,QB,26,8,-0.69,0,-0.9,0,80,0,2020,0.0,0.0,0.0,0.0,0.0,1.625,-1.125,0.0,0.0,0.0,0.0,0.0,0.0,-0.112,TimBoyle2020,NaN
571,TimPatrick,WR,27,15,0,14.55,161.2,0,40,0,2020,0.0,0.0,0.0,0.0,0.0,0.0,0.0,0.0,5.267,3.4,49.467,0.4,0.4,10.747,TimPatrick2020,NaN
572,ToddGurley,RB,26,15,3.48,6.56,163.2,8,23,69,2020,0.0,0.0,0.0,0.0,0.0,13.0,45.2,0.6,2.333,1.667,10.933,0.0,0.6,10.88,ToddGurley2020,NaN
573,TomBrady,QB,43,16,0.20,0,337.9,55,8,25,2020,25.062,38.125,289.562,2.5,0.75,1.875,0.375,0.188,0.0,0.0,0.0,0.0,0.188,21.119,TomBrady2020,NaN
574,TommyStevens,QB,24,1,6.00,0,2.4,0,67,0,2020,0.0,0.0,0.0,0.0,0.0,4.0,24.0,0.0,0.0,0.0,0.0,0.0,0.0,2.4,TommyStevens2020,NaN
575,TommyleeLewis,WR,28,5,7.00,5.00,2.9,0,204,0,2020,0.0,0.0,0.0,0.0,0.0,0.4,2.8,0.0,0.6,0.2,1.0,0.0,0.0,0.58,TommyleeLewis2020,NaN
576,TonyBrooksJames,RB,26,1,1.33,0,0.4,0,160,0,2020,0.0,0.0,0.0,0.0,0.0,3.0,4.0,0.0,0.0,0.0,0.0,0.0,0.0,0.4,TonyBrooksJames2020,NaN
577,TonyJones,RB,23,1,4.33,0,1.3,0,151,0,2020,0.0,0.0,0.0,0.0,0.0,3.0,13.0,0.0,0.0,0.0,0.0,0.0,0.0,1.3,TonyJones2020,NaN
578,TonyPollard,RB,23,16,4.31,6.89,120.8,0,41,0,2020,0.0,0.0,0.0,0.0,0.0,6.312,27.188,0.25,2.5,1.75,12.062,0.062,0.312,7.55,TonyPollard2020,NaN
579,TraceMcSorley,QB,25,2,3.40,0,9.3,0,59,0,2020,1.5,5.0,45.0,0.5,0.0,2.5,8.5,0.0,0.0,0.0,0.0,0.0,0.0,4.65,TraceMcSorley2020,NaN
580,TravisFulgham,WR,25,13,0,14.18,115.9,0,64,0,2020,0.0,0.0,0.0,0.0,0.0,0.0,0.0,0.0,5.154,2.923,41.462,0.308,0.308,8.915,TravisFulgham2020,NaN
581,TravisHomer,RB,22,9,3.52,10.00,32.8,0,91,0,2020,0.0,0.0,0.0,0.0,0.0,2.778,9.778,0.0,1.111,1.0,10.0,0.111,0.111,3.644,TravisHomer2020,NaN
582,TravisKelce,TE,31,15,0,13.49,312.8,117,1,4,2020,0.067,0.133,0.267,0.0,0.0,0.0,0.0,0.0,9.667,7.0,94.4,0.733,0.733,20.853,TravisKelce2020,NaN
583,TrayveonWilliams,RB,23,10,6.04,6.00,21.7,0,102,0,2020,0.0,0.0,0.0,0.0,0.0,2.6,15.7,0.0,0.5,0.5,3.0,0.0,0.0,2.17,TrayveonWilliams2020,NaN
584,TreQuanSmith,WR,24,14,3.00,13.18,103.1,0,73,0,2020,0.0,0.0,0.0,0.0,0.0,0.071,0.214,0.0,3.571,2.429,32.0,0.286,0.286,7.364,TreQuanSmith2020,NaN
585,TrentSherfield,WR,24,15,0,10.00,10.0,0,187,0,2020,0.0,0.0,0.0,0.0,0.0,0.0,0.0,0.0,0.467,0.333,3.333,0.0,0.0,0.667,TrentSherfield2020,NaN
586,TrentTaylor,WR,26,12,0,8.60,18.6,0,174,0,2020,0.0,0.0,0.0,0.0,0.0,0.0,0.0,0.0,1.75,0.833,7.167,0.0,0.0,1.55,TrentTaylor2020,NaN
587,TrentonCannon,RB,26,14,3.30,5.33,7.9,0,135,0,2020,0.0,0.0,0.0,0.0,0.0,0.714,2.357,0.0,0.214,0.214,1.143,0.0,0.0,0.564,TrentonCannon2020,NaN
588,TrentonIrwin,WR,25,1,0,5.00,1.5,0,215,0,2020,0.0,0.0,0.0,0.0,0.0,0.0,0.0,0.0,2.0,1.0,5.0,0.0,0.0,1.5,TrentonIrwin2020,NaN
589,TrevonWesco,TE,25,12,0.00,5.00,1.5,0,110,0,2020,0.0,0.0,0.0,0.0,0.0,0.083,0.0,0.0,0.167,0.083,0.417,0.0,0.0,0.125,TrevonWesco2020,NaN
590,TreyBurton,TE,29,13,1.50,8.93,83.3,0,24,0,2020,0.0,0.0,0.0,0.0,0.0,0.154,0.231,0.154,3.615,2.154,19.231,0.231,0.385,6.408,TreyBurton2020,NaN
591,TreyEdmunds,0,26,4,0,0,0,0,163,0,2020,0.0,0.0,0.0,0.0,0.0,0.0,0.0,0.0,0.0,0.0,0.0,0.0,0.0,0.0,TreyEdmunds2020,NaN
592,TreyQuinn,0,25,1,0,0,0,0,224,0,2020,0.0,0.0,0.0,0.0,0.0,0.0,0.0,0.0,0.0,0.0,0.0,0.0,0.0,0.0,TreyQuinn2020,NaN
593,TroyFumagalli,TE,25,8,0,10.00,22.0,0,70,0,2020,0.0,0.0,0.0,0.0,0.0,0.0,0.0,0.0,1.875,1.0,10.0,0.125,0.125,2.75,TroyFumagalli2020,NaN
594,TroymainePope,RB,27,6,5.07,5.25,19.8,0,117,0,2020,0.0,0.0,0.0,0.0,0.0,2.5,12.667,0.0,1.667,1.333,7.0,0.0,0.0,3.3,TroymainePope2020,NaN
595,TuaTagovailoa,QB,22,10,3.03,0,135.5,0,30,0,2020,18.6,29.0,181.4,1.1,0.5,3.6,10.9,0.3,0.0,0.0,0.0,0.0,0.3,13.55,TuaTagovailoa2020,NaN
596,TyJohnson,RB,23,13,4.70,6.19,63.3,0,70,0,2020,0.0,0.0,0.0,0.0,0.0,4.154,19.538,0.077,1.615,1.231,7.615,0.077,0.154,4.869,TyJohnson2020,NaN
597,TyMontgomery,RB,27,6,5.32,9.00,15.8,0,113,0,2020,0.0,0.0,0.0,0.0,0.0,3.167,16.833,0.0,1.0,0.5,4.5,0.0,0.0,2.633,TyMontgomery2020,NaN
598,TylerBoyd,WR,26,15,9.80,10.65,192.6,0,38,0,2020,0.067,0.133,1.067,0.0,0.0,0.333,3.267,0.0,7.333,5.267,56.067,0.267,0.267,12.84,TylerBoyd2020,NaN
599,TylerBray,QB,29,1,0,0,0.7,0,77,0,2020,1.0,5.0,18.0,0.0,0.0,0.0,0.0,0.0,0.0,0.0,0.0,0.0,0.0,0.7,TylerBray2020,NaN
600,TylerConklin,TE,25,16,0,10.21,44.4,0,56,0,2020,0.0,0.0,0.0,0.0,0.0,0.0,0.0,0.0,1.625,1.188,12.125,0.062,0.062,2.775,TylerConklin2020,NaN
601,TylerEifert,TE,30,15,0,9.69,82.9,0,29,0,2020,0.0,0.0,0.0,0.0,0.0,0.0,0.0,0.0,4.0,2.4,23.267,0.133,0.133,5.527,TylerEifert2020,NaN
602,TylerErvin,RB,27,8,5.15,7.64,26.1,0,108,0,2020,0.0,0.0,0.0,0.0,0.0,1.625,8.375,0.0,1.875,1.375,10.5,0.0,0.0,3.262,TylerErvin2020,NaN
603,TylerHigbee,TE,27,15,1.00,11.84,128.2,0,16,0,2020,0.0,0.0,0.0,0.0,0.0,0.067,0.067,0.0,4.0,2.933,34.733,0.333,0.333,8.547,TylerHigbee2020,NaN
604,TylerHuntley,QB,22,2,2.30,0,2.9,0,65,0,2020,1.5,2.5,7.5,0.0,0.0,5.0,11.5,0.0,0.0,0.0,0.0,0.0,0.0,1.45,TylerHuntley2020,NaN
605,TylerJohnson,WR,22,14,0,14.08,40.9,0,121,0,2020,0.0,0.0,0.0,0.0,0.0,0.0,0.0,0.0,1.214,0.857,12.071,0.143,0.143,2.921,TylerJohnson2020,NaN
606,TylerKroft,TE,28,10,0,9.92,41.9,0,50,0,2020,0.0,0.0,0.0,0.0,0.0,0.0,0.0,0.0,1.6,1.2,11.9,0.3,0.3,4.19,TylerKroft2020,NaN
607,TylerLockett,WR,28,16,0,10.54,265.4,39,11,34,2020,0.0,0.0,0.0,0.0,0.0,0.0,0.0,0.0,8.25,6.25,65.875,0.625,0.625,16.588,TylerLockett2020,NaN
608,TyreekHill,WR,26,15,9.46,14.67,328.9,116,2,6,2020,0.0,0.0,0.0,0.0,0.0,0.867,8.2,0.133,9.0,5.8,85.067,1.0,1.133,21.927,TyreekHill2020,NaN
609,TyrieCleveland,WR,23,10,0,10.50,12.3,0,179,0,2020,0.0,0.0,0.0,0.0,0.0,0.0,0.0,0.0,0.9,0.6,6.3,0.0,0.0,1.23,TyrieCleveland2020,NaN
610,TyrodTaylor,QB,31,2,1.17,0,9.0,0,61,0,2020,8.0,15.0,104.0,0.0,0.0,3.0,3.5,0.0,0.0,0.0,0.0,0.0,0.0,4.5,TyrodTaylor2020,NaN
611,TyronJohnson,WR,24,12,5.67,19.90,79.5,0,86,0,2020,0.0,0.0,0.0,0.0,0.0,0.25,1.417,0.0,2.167,1.667,33.167,0.25,0.25,6.625,TyronJohnson2020,NaN
612,VanJefferson,WR,24,16,-1.00,11.58,46.9,0,124,0,2020,0.0,0.0,0.0,0.0,0.0,0.062,-0.062,0.0,1.938,1.188,13.75,0.062,0.062,2.931,VanJefferson2020,NaN
613,VanceMcDonald,TE,30,14,0,6.60,24.9,0,77,0,2020,0.0,0.0,0.0,0.0,0.0,0.0,0.0,0.0,1.429,1.071,7.071,0.0,0.0,1.779,VanceMcDonald2020,NaN
614,VirgilGreen,TE,32,6,0,16.67,14.0,0,73,0,2020,0.0,0.0,0.0,0.0,0.0,0.0,0.0,0.0,1.0,0.5,8.333,0.167,0.167,2.333,VirgilGreen2020,NaN
615,VyncintSmith,WR,24,7,0,13.00,2.3,0,210,0,2020,0.0,0.0,0.0,0.0,0.0,0.0,0.0,0.0,0.429,0.143,1.857,0.0,0.0,0.329,VyncintSmith2020,NaN
616,WayneGallman,RB,26,15,4.64,5.43,136.6,0,29,0,2020,0.0,0.0,0.0,0.0,0.0,9.8,45.467,0.4,1.8,1.4,7.6,0.0,0.4,9.107,WayneGallman2020,NaN
617,WendellSmallwood,0,26,1,0,0,0,0,165,0,2020,0.0,0.0,0.0,0.0,0.0,0.0,0.0,0.0,0.0,0.0,0.0,0.0,0.0,0.0,WendellSmallwood2020,NaN
618,WillDissly,TE,24,16,0,10.46,61.1,0,42,0,2020,0.0,0.0,0.0,0.0,0.0,0.0,0.0,0.0,1.812,1.5,15.688,0.125,0.125,3.819,WillDissly2020,NaN
619,WillFuller,WR,26,11,0.00,16.58,188.9,10,25,66,2020,0.0,0.0,0.0,0.0,0.0,0.091,0.0,0.0,6.818,4.818,79.909,0.727,0.727,17.173,WillFuller2020,NaN
620,WillieSnead,WR,28,13,0,13.09,94.2,0,81,0,2020,0.0,0.0,0.0,0.0,0.0,0.0,0.0,0.0,3.692,2.538,33.231,0.231,0.231,7.246,WillieSnead2020,NaN
621,ZachErtz,TE,30,11,0,9.31,77.5,0,35,0,2020,0.0,0.0,0.0,0.0,0.0,0.0,0.0,0.0,6.545,3.273,30.455,0.091,0.091,7.045,ZachErtz2020,NaN
622,ZachGentry,0,24,2,0,0,0,0,122,0,2020,0.0,0.0,0.0,0.0,0.0,0.0,0.0,0.0,0.0,0.0,0.0,0.0,0.0,0.0,ZachGentry2020,NaN
623,ZachPascal,WR,26,16,0,14.30,136.9,0,55,0,2020,0.0,0.062,0.0,0.0,0.0,0.0,0.0,0.0,4.438,2.75,39.312,0.312,0.312,8.556,ZachPascal2020,NaN
624,ZackMoss,RB,23,13,4.29,6.79,101.6,0,43,0,2020,0.0,0.0,0.0,0.0,0.0,8.615,37.0,0.308,1.385,1.077,7.308,0.077,0.385,7.815,ZackMoss2020,NaN
625,ZayJones,WR,25,16,0,11.00,36.6,0,131,0,2020,0.062,0.062,1.812,0.0,0.0,0.0,0.0,0.0,1.25,0.875,9.625,0.062,0.062,2.288,ZayJones2020,NaN
