,Name,FantPos,Predicted PPG,Predicted PPR,PosRank,VBD,Ovr Rank
0,JoshAllen,QB,20.975,356.575,1,119.17,1
1,DakPrescott,QB,20.454,347.718,2,110.313,2
2,DavanteAdams,WR,20.445,347.565,1,174.896,3
3,PatrickMahomes,QB,20.427,347.259,3,109.854,4
4,DeshaunWatson,QB,19.805,336.685,4,99.28,5
5,DalvinCook,RB,19.784,336.328,1,206.295,6
6,AaronRodgers,QB,19.532,332.044,5,94.639,7
7,TravisKelce,TE,18.944,322.048,1,201.79,8
8,KylerMurray,QB,18.887,321.079,6,83.674,9
9,DerrickHenry,RB,18.673,317.441,2,187.408,10
10,AlvinKamara,RB,18.535,315.095,3,185.062,11
11,RussellWilson,QB,18.101,307.717,7,70.312,12
12,TyreekHill,WR,18.061,307.037,2,134.368,13
13,LamarJackson,QB,17.809,302.753,8,65.348,14
14,JustinHerbert,QB,17.69,300.73,9,63.325,15
15,ChristianMcCaffrey,RB,17.644,299.948,4,169.915,16
16,TomBrady,QB,17.559,298.503,10,61.098,17
17,StefonDiggs,WR,17.319,294.423,3,121.754,18
18,MarcusMariota,QB,16.944,288.048,11,50.643,19
19,RyanTannehill,QB,16.835,286.195,12,48.79,20
20,CalvinRidley,WR,16.064,273.088,4,100.419,21
21,KirkCousins,QB,15.525,263.925,13,26.52,22
22,DeAndreHopkins,WR,15.395,261.715,5,89.046,23
23,JamesRobinson,RB,15.242,259.114,5,129.081,24
24,DavidMontgomery,RB,15.13,257.21,6,127.177,25
25,CamNewton,QB,15.103,256.751,14,19.346,26
26,JonathanTaylor,RB,15.037,255.629,7,125.596,27
27,DarrenWaller,TE,15.021,255.357,2,135.099,28
28,AaronJones,RB,14.991,254.847,8,124.814,29
29,JustinJefferson,WR,14.96,254.32,6,81.651,30
30,AJBrown,WR,14.861,252.637,7,79.968,31
31,DKMetcalf,WR,14.647,248.999,8,76.33,32
32,DrewBrees,QB,14.44,245.48,15,8.075,33
33,GeorgeKittle,TE,14.356,244.052,3,123.794,34
34,WillFuller,WR,14.228,241.876,9,69.207,35
35,MattRyan,QB,14.214,241.638,16,4.233,36
36,BenRoethlisberger,QB,14.192,241.264,17,3.859,37
37,KeenanAllen,WR,14.189,241.213,10,68.544,38
38,DerekCarr,QB,14.044,238.748,18,1.343,39
39,AllenRobinson,WR,14.033,238.561,11,65.892,40
40,GardnerMinshewII,QB,14.011,238.187,19,0.782,41
41,JoeBurrow,QB,13.965,237.405,20,0.0,42
42,RyanFitzpatrick,QB,13.927,236.759,21,-0.646,43
43,JulioJones,WR,13.919,236.623,12,63.954,44
44,NickChubb,RB,13.847,235.399,9,105.366,45
45,JaredGoff,QB,13.808,234.736,22,-2.669,46
46,AdamThielen,WR,13.711,233.087,13,60.418,47
47,TylerLockett,WR,13.635,231.795,14,59.126,48
48,MatthewStafford,QB,13.531,230.027,23,-7.378,49
49,BakerMayfield,QB,13.44,228.48,24,-8.925,50
50,MylesGaskin,RB,13.391,227.647,10,97.614,51
51,BrandinCooks,WR,13.349,226.933,15,54.264,52
52,JoshJacobs,RB,13.328,226.576,11,96.543,53
53,AustinEkeler,RB,13.321,226.457,12,96.424,54
54,TeddyBridgewater,QB,13.16,223.72,25,-13.685,55
55,PhilipRivers,QB,13.106,222.802,26,-14.603,56
56,ChrisGodwin,WR,13.094,222.598,16,49.929,57
57,MikeEvans,WR,13.009,221.153,17,48.484,58
58,JoeMixon,RB,12.927,219.759,13,89.726,59
59,TerryMcLaurin,WR,12.853,218.501,18,45.832,60
60,BrandonAiyuk,WR,12.731,216.427,19,43.758,61
61,RobertWoods,WR,12.723,216.291,20,43.622,62
62,EzekielElliott,RB,12.713,216.121,14,86.088,63
63,CarsonWentz,QB,12.67,215.39,27,-22.015,64
64,DJMoore,WR,12.65,215.05,21,42.381,65
65,AmariCooper,WR,12.643,214.931,22,42.262,66
66,MilesSanders,RB,12.405,210.885,15,80.852,67
67,MitchellTrubisky,QB,12.335,209.695,28,-27.71,68
68,ClydeEdwardsHelaire,RB,12.329,209.593,16,79.56,69
69,DiontaeJohnson,WR,12.227,207.859,23,35.19,70
70,RobbyAnderson,WR,12.066,205.122,24,32.453,71
71,MarvinJones,WR,12.037,204.629,25,31.96,72
72,AntonioBrown,WR,12.032,204.544,26,31.875,73
73,AntonioWilliams,RB,11.957,203.269,17,73.236,74
74,AntonioGibson,RB,11.925,202.725,18,72.692,75
75,CoreyDavis,WR,11.911,202.487,27,29.818,76
76,CooperKupp,WR,11.849,201.433,28,28.764,77
77,RonaldJonesII,RB,11.844,201.348,19,71.315,78
78,DrewLock,QB,11.843,201.331,29,-36.074,79
79,CurtisSamuel,WR,11.823,200.991,29,28.322,80
80,JuJuSmithSchuster,WR,11.783,200.311,30,27.642,81
81,ColeBeasley,WR,11.75,199.75,31,27.081,82
82,JamisonCrowder,WR,11.717,199.189,32,26.52,83
83,CeeDeeLamb,WR,11.713,199.121,33,26.452,84
84,TuaTagovailoa,QB,11.698,198.866,30,-38.539,85
85,ChaseClaypool,WR,11.558,196.486,34,23.817,86
86,KennyGolladay,WR,11.495,195.415,35,22.746,87
87,DAndreSwift,RB,11.434,194.378,20,64.345,88
88,ChrisCarson,RB,11.424,194.208,21,64.175,89
89,SterlingShepard,WR,11.323,192.491,36,19.822,90
90,GarrettGilbert,QB,10.875,184.875,31,-52.53,91
91,TylerBoyd,WR,10.871,184.807,37,12.138,92
92,AndyDalton,QB,10.806,183.702,32,-53.703,93
93,KareemHunt,RB,10.803,183.651,22,53.618,94
94,JarvisLandry,WR,10.801,183.617,38,10.948,95
95,DanielJones,QB,10.796,183.532,33,-53.873,96
96,DavidJohnson,RB,10.747,182.699,23,52.666,97
97,MichaelThomas,WR,10.733,182.461,39,9.792,98
98,MelvinGordon,RB,10.715,182.155,24,52.122,99
99,NickMullens,QB,10.618,180.506,34,-56.899,100
100,TeeHiggins,WR,10.538,179.146,40,6.477,101
101,DeVanteParker,WR,10.392,176.664,41,3.995,102
102,NickFoles,QB,10.369,176.273,35,-61.132,103
103,KenyanDrake,RB,10.365,176.205,25,46.172,104
104,OdellBeckhamJr,WR,10.337,175.729,42,3.06,105
105,JamesConner,RB,10.29,174.93,26,44.897,106
106,MikeDavis,RB,10.266,174.522,27,44.489,107
107,RaheemMostert,RB,10.261,174.437,28,44.404,108
108,NelsonAgholor,WR,10.248,174.216,43,1.547,109
109,DJChark,WR,10.247,174.199,44,1.53,110
110,JimmyGaroppolo,QB,10.2,173.4,36,-64.005,111
111,DeeboSamuel,WR,10.157,172.669,45,0.0,112
112,MarkAndrews,TE,10.156,172.652,4,52.394,113
113,EmmanuelSanders,WR,10.127,172.159,46,-0.51,114
114,MikeGlennon,QB,10.094,171.598,37,-65.807,115
115,TaylorHeinicke,QB,9.975,169.575,38,-67.83,116
116,KyleAllen,QB,9.877,167.909,39,-69.496,117
117,JKDobbins,RB,9.866,167.722,29,37.689,118
118,MarquiseBrown,WR,9.774,166.158,47,-6.511,119
119,SalvonAhmed,RB,9.76,165.92,30,35.887,120
120,RussellGage,WR,9.758,165.886,48,-6.783,121
121,BrandonAllen,QB,9.738,165.546,40,-71.859,122
122,JohnWolford,QB,9.686,164.662,41,-72.743,123
123,DamienHarris,RB,9.653,164.101,31,34.068,124
124,MichaelGallup,WR,9.648,164.016,49,-8.653,125
125,TYHilton,WR,9.624,163.608,50,-9.061,126
126,KekeCoutee,WR,9.614,163.438,51,-9.231,127
127,JoeFlacco,QB,9.588,162.996,42,-74.409,128
128,JohnBrown,WR,9.534,162.078,52,-10.591,129
129,CourtlandSutton,WR,9.511,161.687,53,-10.982,130
130,JDMcKissic,RB,9.473,161.041,32,31.008,131
131,TimPatrick,WR,9.46,160.82,54,-11.849,132
132,MikeGesicki,TE,9.423,160.191,5,39.933,133
133,SamDarnold,QB,9.421,160.157,43,-77.248,134
134,LaviskaShenaultJr,WR,9.419,160.123,55,-12.546,135
135,DwayneHaskins,QB,9.263,157.471,44,-79.934,136
136,JakobiMeyers,WR,9.247,157.199,56,-15.47,137
137,MikeWilliams,WR,9.226,156.842,57,-15.827,138
138,JeffDriskel,QB,9.218,156.706,45,-80.699,139
139,DallasGoedert,TE,9.195,156.315,6,36.057,140
140,TJHockenson,TE,9.174,155.958,7,35.7,141
141,NyheimHines,RB,9.168,155.856,33,25.823,142
142,JerryJeudy,WR,9.138,155.346,58,-17.323,143
143,DevinSingletary,RB,9.101,154.717,34,24.684,144
144,ChristianKirk,WR,9.099,154.683,59,-17.986,145
145,RandallCobb,WR,8.87,150.79,60,-21.879,146
146,MarlonMack,RB,8.868,150.756,35,20.723,147
147,JulianEdelman,WR,8.82,149.94,61,-22.729,148
148,CJUzomah,TE,8.796,149.532,8,29.274,149
149,AlexSmith,QB,8.786,149.362,46,-88.043,150
150,AllenLazard,WR,8.758,148.886,62,-23.783,151
151,ChaseEdmonds,RB,8.731,148.427,36,18.394,152
152,NoahFant,TE,8.711,148.087,9,27.829,153
153,ChadHenne,QB,8.658,147.186,47,-90.219,154
154,KeelanCole,WR,8.65,147.05,63,-25.619,155
155,LoganThomas,TE,8.628,146.676,10,26.418,156
156,ChadHansen,WR,8.619,146.523,64,-26.146,157
157,HunterHenry,TE,8.597,146.149,11,25.891,158
158,RashardHiggins,WR,8.536,145.112,65,-27.557,159
159,JeffWilson,RB,8.524,144.908,37,14.875,160
160,CamAkers,RB,8.518,144.806,38,14.773,161
161,DarnellMooney,WR,8.397,142.749,66,-29.92,162
162,DeSeanJackson,WR,8.383,142.511,67,-30.158,163
163,RobertTonyan,TE,8.369,142.273,12,22.015,164
164,CJBeathard,QB,8.343,141.831,48,-95.574,165
165,DariusSlayton,WR,8.339,141.763,68,-30.906,166
166,ToddGurley,RB,8.195,139.315,39,9.282,167
167,SonyMichel,RB,8.187,139.179,40,9.146,168
168,TravisFulgham,WR,8.151,138.567,69,-34.102,169
169,SammyWatkins,WR,8.145,138.465,70,-34.204,170
170,RobGronkowski,TE,8.144,138.448,13,18.19,171
171,KendrickBourne,WR,8.139,138.363,71,-34.306,172
172,PrestonWilliams,WR,8.086,137.462,72,-35.207,173
173,MarquezValdesScantling,WR,7.993,135.881,73,-36.788,174
174,JamaalWilliams,RB,7.98,135.66,41,5.627,175
175,DarrellHenderson,RB,7.892,134.164,42,4.131,176
176,ZachPascal,WR,7.867,133.739,74,-38.93,177
177,LeonardFournette,RB,7.828,133.076,43,3.043,178
178,BreshadPerriman,WR,7.805,132.685,75,-39.984,179
179,HunterRenfrow,WR,7.804,132.668,76,-40.001,180
180,TaysomHill,WR,7.776,132.192,77,-40.477,181
181,GabrielDavis,WR,7.76,131.92,78,-40.749,182
182,WayneGallman,RB,7.658,130.186,44,0.153,183
183,DaltonSchultz,TE,7.651,130.067,14,9.809,184
184,JustinJackson,RB,7.649,130.033,45,0.0,185
185,JalenHurts,QB,7.641,129.897,49,-107.508,186
186,SaquonBarkley,RB,7.639,129.863,46,-0.17,187
187,OJHoward,TE,7.634,129.778,15,9.52,188
188,EvanEngram,TE,7.612,129.404,16,9.146,189
189,EricEbron,TE,7.588,128.996,17,8.738,190
190,JalenReagor,WR,7.541,128.197,79,-44.472,191
191,DannyAmendola,WR,7.54,128.18,80,-44.489,192
192,MecoleHardman,WR,7.502,127.534,81,-45.135,193
193,AdamHumphries,WR,7.46,126.82,82,-45.849,194
194,JoshReynolds,WR,7.456,126.752,83,-45.917,195
195,HaydenHurst,TE,7.431,126.327,18,6.069,196
196,GusEdwards,RB,7.363,125.171,47,-4.862,197
197,MichaelPittmanJr,WR,7.346,124.882,84,-47.787,198
198,KalenBallage,RB,7.261,123.437,48,-6.596,199
199,GregWard,WR,7.223,122.791,85,-49.878,200
200,TylerHigbee,TE,7.215,122.655,19,2.397,201
201,LarryFitzgerald,WR,7.183,122.111,86,-50.558,202
202,ZackMoss,RB,7.175,121.975,49,-8.058,203
203,TyrodTaylor,QB,7.094,120.598,50,-116.807,204
204,DamiereByrd,WR,7.085,120.445,87,-52.224,205
205,AlexanderMattison,RB,7.08,120.36,50,-9.673,206
206,JaredCook,TE,7.074,120.258,20,0.0,207
207,ParrisCampbell,WR,7.034,119.578,88,-53.091,208
208,TonyPollard,RB,6.989,118.813,51,-11.22,209
209,AustinHooper,TE,6.957,118.269,21,-1.989,210
210,TreQuanSmith,WR,6.93,117.81,89,-54.859,211
211,GiovaniBernard,RB,6.929,117.793,52,-12.24,212
212,WillieSnead,WR,6.924,117.708,90,-54.961,213
213,LataviusMurray,RB,6.911,117.487,53,-12.546,214
214,DenzelMims,WR,6.905,117.385,91,-55.284,215
215,GoldenTate,WR,6.881,116.977,92,-55.692,216
216,JakeLuton,QB,6.82,115.94,51,-121.465,217
217,ReggieBonnafon,RB,6.816,115.872,54,-14.161,218
218,AJGreen,WR,6.769,115.073,93,-57.596,219
219,DavidMoore,WR,6.685,113.645,94,-59.024,220
220,AnthonyMiller,WR,6.596,112.132,95,-60.537,221
221,RexBurkhead,RB,6.57,111.69,55,-18.343,222
222,KJHamler,WR,6.568,111.656,96,-61.013,223
223,DukeJohnson,RB,6.563,111.571,56,-18.462,224
224,HenryRuggsIII,WR,6.541,111.197,97,-61.472,225
225,TyronJohnson,WR,6.528,110.976,98,-61.693,226
226,PhillipLindsay,RB,6.523,110.891,57,-19.142,227
227,TarikCohen,RB,6.52,110.84,58,-19.193,228
228,BrianHill,RB,6.519,110.823,59,-19.21,229
229,DemarcusRobinson,WR,6.507,110.619,99,-62.05,230
230,TraceMcSorley,QB,6.503,110.551,52,-126.854,231
231,JonnuSmith,TE,6.478,110.126,22,-10.132,232
232,ChrisConley,WR,6.461,109.837,100,-62.832,233
233,ColtMcCoy,QB,6.425,109.225,53,-128.18,234
234,JimmyGraham,TE,6.423,109.191,23,-11.067,235
235,ScottMiller,WR,6.374,108.358,101,-64.311,236
236,JoshuaKelley,RB,6.367,108.239,60,-21.794,237
237,AlbertOkwuegbunam,TE,6.352,107.984,24,-12.274,238
238,RichieJames,WR,6.299,107.083,102,-65.586,239
239,JordanAkins,TE,6.283,106.811,25,-13.447,240
240,ZachErtz,TE,6.277,106.709,26,-13.549,241
241,BrettRypien,QB,6.264,106.488,54,-130.917,242
242,JakeemGrant,WR,6.251,106.267,103,-66.402,243
243,JalenGuyton,WR,6.206,105.502,104,-67.167,244
244,BlaineGabbert,QB,6.201,105.417,55,-131.988,245
245,IrvSmithJr,TE,6.195,105.315,27,-14.943,246
246,JamesWhite,RB,6.191,105.247,61,-24.786,247
247,DevontaFreeman,RB,6.153,104.601,62,-25.432,248
248,MasonRudolph,QB,6.14,104.38,56,-133.025,249
249,CarlosHyde,RB,6.102,103.734,63,-26.299,250
250,BostonScott,RB,6.083,103.411,64,-26.622,251
251,JamesWashington,WR,5.991,101.847,105,-70.822,252
252,BraxtonBerrios,WR,5.944,101.048,106,-71.621,253
253,LeVeonBell,RB,5.915,100.555,65,-29.478,254
254,LaMicalPerine,RB,5.853,99.501,66,-30.532,255
255,IsaiahFord,WR,5.825,99.025,107,-73.644,256
256,IsaiahMcKenzie,WR,5.823,98.991,108,-73.678,257
257,DanArnold,TE,5.806,98.702,28,-21.556,258
258,LynnBowdenJr,RB,5.782,98.294,67,-31.739,259
259,CamSims,WR,5.781,98.277,109,-74.392,260
260,JerickMcKinnon,RB,5.73,97.41,68,-32.623,261
261,MalcolmBrown,RB,5.707,97.019,69,-33.014,262
262,KyleRudolph,TE,5.699,96.883,29,-23.375,263
263,RodneySmith,RB,5.592,95.064,70,-34.969,264
264,TyJohnson,RB,5.529,93.993,71,-36.04,265
265,QuintezCephus,WR,5.506,93.602,110,-79.067,266
266,MoAlieCox,TE,5.505,93.585,30,-26.673,267
267,TylerHuntley,QB,5.487,93.279,57,-144.126,268
268,ChrisHogan,WR,5.453,92.701,111,-79.968,269
269,NKealHarry,WR,5.447,92.599,112,-80.07,270
270,JordanReed,TE,5.393,91.681,31,-28.577,271
271,MarvinHall,WR,5.374,91.358,113,-81.311,272
272,DeonteHarris,WR,5.36,91.12,114,-81.549,273
273,BennySnellJr,RB,5.338,90.746,72,-39.287,274
274,OlamideZaccheaus,WR,5.298,90.066,115,-82.603,275
275,RichardRodgers,TE,5.275,89.675,32,-30.583,276
276,DonovanPeoplesJones,WR,5.25,89.25,116,-83.419,277
277,DawsonKnox,TE,5.215,88.655,33,-31.603,278
278,StevenSims,WR,5.181,88.077,117,-84.592,279
279,GeraldEverett,TE,5.163,87.771,34,-32.487,280
280,AnthonyFirkser,TE,5.162,87.754,35,-32.504,281
281,TylerEifert,TE,5.099,86.683,36,-33.575,282
282,AJDillon,RB,5.027,85.459,73,-44.574,283
283,MattBarkley,QB,5.004,85.068,58,-152.337,284
284,JarrettStidham,QB,4.948,84.116,59,-153.289,285
285,JoshAdams,RB,4.942,84.014,74,-46.019,286
286,RyanFinley,QB,4.915,83.555,60,-153.85,287
287,KerryonJohnson,RB,4.909,83.453,75,-46.58,288
288,DevontaeBooker,RB,4.882,82.994,76,-47.039,289
289,GenoSmith,QB,4.878,82.926,61,-154.479,290
290,DeeJayDallas,RB,4.869,82.773,77,-47.26,291
291,PhillipWalker,QB,4.856,82.552,62,-154.853,292
292,DontrelleInman,WR,4.841,82.297,118,-90.372,293
293,MattBreida,RB,4.838,82.246,78,-47.787,294
294,AlexCollins,RB,4.834,82.178,79,-47.855,295
295,ItoSmith,RB,4.811,81.787,80,-48.246,296
296,GregOlsen,TE,4.796,81.532,37,-38.726,297
297,MohamedSanu,WR,4.793,81.481,119,-91.188,298
298,DrewSample,TE,4.749,80.733,38,-39.525,299
299,KeeSeanJohnson,WR,4.744,80.648,120,-92.021,300
300,TJYeldon,RB,4.711,80.087,81,-49.946,301
301,CollinJohnson,WR,4.708,80.036,121,-92.633,302
302,TommyStevens,QB,4.703,79.951,63,-157.454,303
303,LilJordanHumphrey,WR,4.696,79.832,122,-92.837,304
304,DeAndreWashington,RB,4.682,79.594,82,-50.439,305
305,MilesBoykin,WR,4.667,79.339,123,-93.33,306
306,AndyIsabella,WR,4.653,79.101,124,-93.568,307
307,TravisHomer,RB,4.65,79.05,83,-50.983,308
308,JamycalHasty,RB,4.643,78.931,84,-51.102,309
309,BoScarbrough,RB,4.614,78.438,85,-51.595,310
310,MattSchaub,QB,4.602,78.234,64,-159.171,311
311,DarrenFells,TE,4.558,77.486,39,-42.772,312
312,MarquezCallaway,WR,4.556,77.452,125,-95.217,313
313,JameisWinston,QB,4.532,77.044,65,-160.361,314
314,LaquonTreadwell,WR,4.532,77.044,126,-95.625,315
315,MarcusJohnson,WR,4.525,76.925,127,-95.744,316
316,JordanWilkins,RB,4.524,76.908,86,-53.125,317
317,DaeSeanHamilton,WR,4.521,76.857,128,-95.812,318
318,SamajePerine,RB,4.518,76.806,87,-53.227,319
319,QuezWatkins,WR,4.485,76.245,129,-96.424,320
320,JaMarcusBradley,WR,4.474,76.058,130,-96.611,321
321,CordarrellePatterson,WR,4.473,76.041,131,-96.628,322
322,TrayveonWilliams,RB,4.448,75.616,88,-54.417,323
323,AdrianPeterson,RB,4.442,75.514,89,-54.519,324
324,BenDiNucci,QB,4.436,75.412,66,-161.993,325
325,JacobyBrissett,QB,4.434,75.378,67,-162.027,326
326,FrankGore,RB,4.428,75.276,90,-54.757,327
327,JJTaylor,RB,4.381,74.477,91,-55.556,328
328,JackDoyle,TE,4.266,72.522,40,-47.736,329
329,ChaseDaniel,QB,4.233,71.961,68,-165.444,330
330,ChrisHerndon,TE,4.22,71.74,41,-48.518,331
331,AnthonyMcFarlandJr,RB,4.212,71.604,92,-58.429,332
332,KhaDarelHodge,WR,4.206,71.502,132,-101.167,333
333,JalenRichard,RB,4.205,71.485,93,-58.548,334
334,ChadBeebe,WR,4.205,71.485,133,-101.184,335
335,CameronBrate,TE,4.17,70.89,42,-49.368,336
336,DarrelWilliams,RB,4.107,69.819,94,-60.214,337
337,AudenTate,WR,4.104,69.768,134,-102.901,338
338,AlshonJeffery,WR,4.1,69.7,135,-102.969,339
339,DarryntonEvans,RB,4.08,69.36,95,-60.673,340
340,IsaiahWright,WR,4.067,69.139,136,-103.53,341
341,DevinDuvernay,WR,4.058,68.986,137,-103.683,342
342,DezBryant,WR,4.028,68.476,138,-104.193,343
343,TroymainePope,RB,4.025,68.425,96,-61.608,344
344,JamesOShaughnessy,TE,4.006,68.102,43,-52.156,345
345,ByronPringle,WR,4.001,68.017,139,-104.652,346
346,DavidNjoku,TE,3.988,67.796,44,-52.462,347
347,KennyStills,WR,3.941,66.997,140,-105.672,348
348,RoyceFreeman,RB,3.935,66.895,97,-63.138,349
349,TreyBurton,TE,3.934,66.878,45,-53.38,350
350,BryanEdwards,WR,3.922,66.674,141,-105.995,351
351,TylerErvin,RB,3.921,66.657,98,-63.376,352
352,HarrisonBryant,TE,3.886,66.062,46,-54.196,353
353,ChrisStreveler,QB,3.883,66.011,69,-171.394,354
354,MarkIngram,RB,3.876,65.892,99,-64.141,355
355,CedrickWilsonJr,WR,3.87,65.79,142,-106.879,356
356,TimBoyle,QB,3.865,65.705,70,-171.7,357
357,WillDissly,TE,3.851,65.467,47,-54.791,358
358,LawrenceCager,WR,3.84,65.28,143,-107.389,359
359,DeMichaelHarris,WR,3.837,65.229,144,-107.44,360
360,VanJefferson,WR,3.815,64.855,145,-107.814,361
361,KeShawnVaughn,RB,3.802,64.634,100,-65.399,362
362,JeremyMcNichols,RB,3.782,64.294,101,-65.739,363
363,JeffSmith,WR,3.772,64.124,146,-108.545,364
364,ColeKmet,TE,3.744,63.648,48,-56.61,365
365,ChrisThompson,RB,3.736,63.512,102,-66.521,366
366,TyMontgomery,RB,3.735,63.495,103,-66.538,367
367,RyanIzzo,TE,3.729,63.393,49,-56.865,368
368,EastonStick,QB,3.718,63.206,71,-174.199,369
369,TylerJohnson,WR,3.717,63.189,147,-109.48,370
370,JaleelScott,WR,3.707,63.019,148,-109.65,371
371,DOntaForeman,RB,3.699,62.883,104,-67.15,372
372,RossDwelley,TE,3.685,62.645,50,-57.613,373
373,JJArcegaWhiteside,WR,3.624,61.608,149,-111.061,374
374,DurhamSmythe,TE,3.597,61.149,51,-59.109,375
375,JacobHollister,TE,3.567,60.639,52,-59.619,376
376,DarwinThompson,RB,3.509,59.653,105,-70.38,377
377,LoganWoodside,QB,3.503,59.551,72,-177.854,378
378,NickBoyle,TE,3.487,59.279,53,-60.979,379
379,TonyJones,RB,3.46,58.82,106,-71.213,380
380,NathanPeterman,QB,3.453,58.701,73,-178.704,381
381,TylerKroft,TE,3.449,58.633,54,-61.625,382
382,FreddieSwain,WR,3.444,58.548,150,-114.121,383
383,KeithKirkwood,WR,3.44,58.48,151,-114.189,384
384,DeontayBurnett,WR,3.419,58.123,152,-114.546,385
385,CaseKeenum,QB,3.412,58.004,74,-179.401,386
386,MackHollins,WR,3.402,57.834,153,-114.835,387
387,CameronBatson,WR,3.362,57.154,154,-115.515,388
388,PharaohBrown,TE,3.358,57.086,55,-63.172,389
389,JohnHightower,WR,3.35,56.95,155,-115.719,390
390,MalcolmPerry,RB,3.344,56.848,107,-73.185,391
391,DonaldParham,TE,3.339,56.763,56,-63.495,392
392,AJMcCarron,QB,3.332,56.644,75,-180.761,393
393,DareOgunbowale,RB,3.328,56.576,108,-73.457,394
394,PeytonBarber,RB,3.317,56.389,109,-73.644,395
395,OlabisiJohnson,WR,3.312,56.304,156,-116.365,396
396,RobertGriffinIII,QB,3.296,56.032,76,-181.373,397
397,ZayJones,WR,3.294,55.998,157,-116.671,398
398,DantePettis,WR,3.288,55.896,158,-116.773,399
399,TerryGodwin,WR,3.277,55.709,159,-116.96,400
400,GeoffSwaim,WR,3.276,55.692,161,-116.977,401
401,DamionRatley,WR,3.276,55.692,160,-116.977,402
402,DErnestJohnson,RB,3.27,55.59,110,-74.443,403
403,AlfredMorris,RB,3.265,55.505,111,-74.528,404
404,MikeThomas,WR,3.242,55.114,162,-117.555,405
405,TylerBray,QB,3.22,54.74,77,-182.665,406
406,TylerConklin,TE,3.204,54.468,57,-65.79,407
407,BrianHoyer,QB,3.201,54.417,78,-182.988,408
408,JamalAgnew,WR,3.201,54.417,163,-118.252,409
409,JusticeHill,RB,3.18,54.06,112,-75.973,410
410,EquanimeousStBrown,WR,3.171,53.907,164,-118.762,411
411,KalifRaymond,WR,3.116,52.972,165,-119.697,412
412,MaxxWilliams,TE,3.097,52.649,58,-67.609,413
413,PatrickLaird,RB,3.087,52.479,113,-77.554,414
414,BlakeJarwin,TE,3.086,52.462,59,-67.796,415
415,KyleJuszczyk,RB,3.082,52.394,114,-77.639,416
416,NoahBrown,WR,3.074,52.258,166,-120.411,417
417,AdamTrautman,TE,3.074,52.258,60,-68.0,418
418,StevenMitchell,WR,3.07,52.19,167,-120.479,419
419,JoshuaDobbs,QB,3.053,51.901,79,-185.504,420
420,GunnerOlszewski,WR,3.03,51.51,168,-121.159,421
421,ArtavisPierce,RB,3.002,51.034,115,-78.999,422
422,RayRayMcCloud,WR,2.98,50.66,169,-122.009,423
423,BrandonPowell,WR,2.956,50.252,170,-122.417,424
424,ChristianBlake,WR,2.953,50.201,171,-122.468,425
425,TroyFumagalli,TE,2.935,49.895,61,-70.363,426
426,RashaadPenny,RB,2.93,49.81,116,-80.223,427
427,AustinCarr,WR,2.909,49.453,172,-123.216,428
428,AdamShaheen,TE,2.872,48.824,62,-71.434,429
429,JasonHuntley,RB,2.867,48.739,117,-81.294,430
430,LeeSmith,WR,2.865,48.705,173,-123.964,431
431,RileyRidley,WR,2.856,48.552,174,-124.117,432
432,IsaiahZuber,WR,2.85,48.45,175,-124.219,433
433,TrentTaylor,WR,2.821,47.957,176,-124.712,434
434,JustinWatson,WR,2.816,47.872,177,-124.797,435
435,JaceSternberger,TE,2.812,47.804,63,-72.454,436
436,AlexErickson,WR,2.809,47.753,178,-124.916,437
437,CJBoard,WR,2.806,47.702,179,-124.967,438
438,DionLewis,RB,2.8,47.6,118,-82.433,439
439,AustinMack,WR,2.793,47.481,180,-125.188,440
440,RobertFoster,WR,2.778,47.226,181,-125.443,441
441,JoshMalone,WR,2.774,47.158,182,-125.511,442
442,IanThomas,TE,2.746,46.682,64,-73.576,443
443,TrentonIrwin,WR,2.727,46.359,183,-126.31,444
444,DontrellHilliard,RB,2.698,45.866,120,-84.167,445
445,JaylenSamuels,RB,2.698,45.866,119,-84.167,446
446,DevineOzigbo,RB,2.692,45.764,121,-84.269,447
447,TavonAustin,WR,2.643,44.931,184,-127.738,448
448,AlecIngold,RB,2.641,44.897,122,-85.136,449
449,JesseJames,TE,2.632,44.744,65,-75.514,450
450,JaydonMickens,WR,2.621,44.557,185,-128.112,451
451,VirgilGreen,TE,2.619,44.523,66,-75.735,452
452,TheoRiddick,RB,2.607,44.319,123,-85.714,453
453,TyrieCleveland,WR,2.6,44.2,186,-128.469,454
454,CraigReynolds,RB,2.594,44.098,124,-85.935,455
455,FosterMoreau,TE,2.589,44.013,67,-76.245,456
456,DiontaeSpencer,WR,2.588,43.996,188,-128.673,457
457,JohnRoss,WR,2.588,43.996,187,-128.673,458
458,JordanHoward,RB,2.582,43.894,125,-86.139,459
459,JakeKumerow,WR,2.57,43.69,189,-128.979,460
460,TedGinnJr,WR,2.564,43.588,190,-129.081,461
461,AustinWalter,RB,2.556,43.452,126,-86.581,462
462,JonathanWilliams,RB,2.555,43.435,127,-86.598,463
463,MarcedesLewis,TE,2.548,43.316,68,-76.942,464
464,JavonWims,WR,2.542,43.214,191,-129.455,465
465,JuwanJohnson,WR,2.52,42.84,192,-129.829,466
466,CodyHollister,WR,2.509,42.653,193,-130.016,467
467,ScottiePhillips,RB,2.506,42.602,128,-87.431,468
468,GabeNabers,RB,2.5,42.5,129,-87.533,469
469,MalikTaylor,WR,2.496,42.432,194,-130.237,470
470,RiverCracraft,WR,2.493,42.381,195,-130.288,471
471,RicoDowdle,RB,2.487,42.279,130,-87.754,472
472,DarrellDaniels,TE,2.487,42.279,69,-77.979,473
473,BuddyHowell,RB,2.471,42.007,131,-88.026,474
474,MikeBoone,RB,2.466,41.922,132,-88.111,475
475,DarriusShepherd,WR,2.457,41.769,196,-130.9,476
476,DexterWilliams,RB,2.449,41.633,133,-88.4,477
477,KadenSmith,TE,2.428,41.276,70,-78.982,478
478,SethRoberts,WR,2.423,41.191,197,-131.478,479
479,VanceMcDonald,TE,2.36,40.12,71,-80.138,480
480,AmeerAbdullah,RB,2.353,40.001,134,-90.032,481
481,CoreyClement,RB,2.351,39.967,135,-90.066,482
482,KJHill,WR,2.332,39.644,198,-133.025,483
483,DauriceFountain,WR,2.324,39.508,199,-133.161,484
484,NickVannett,TE,2.316,39.372,72,-80.886,485
485,TevinColeman,RB,2.315,39.355,136,-90.678,486
486,JoeReed,WR,2.308,39.236,200,-133.433,487
487,BrandonZylstra,WR,2.29,38.93,201,-133.739,488
488,BlakeBell,TE,2.286,38.862,73,-81.396,489
489,AntonioCallaway,WR,2.276,38.692,202,-133.977,490
490,PharohCooper,WR,2.254,38.318,203,-134.351,491
491,LeVanteBellamy,RB,2.221,37.757,138,-92.276,492
492,CJHam,RB,2.221,37.757,137,-92.276,493
493,DominiqueDafney,TE,2.202,37.434,74,-82.824,494
494,StephenAnderson,TE,2.195,37.315,75,-82.943,495
495,AshtonDulin,WR,2.184,37.128,204,-135.541,496
496,TrentSherfield,WR,2.177,37.009,205,-135.66,497
497,LeSeanMcCoy,RB,2.139,36.363,139,-93.67,498
498,BennieFowler,WR,2.132,36.244,206,-136.425,499
499,JosiahDeguara,TE,2.112,35.904,76,-84.354,500
500,RyanGriffin,TE,2.103,35.751,77,-84.507,501
501,HunterBryant,TE,2.097,35.649,78,-84.609,502
502,LamarMiller,RB,2.084,35.428,140,-94.605,503
503,NickWestbrookIkhine,WR,2.078,35.326,207,-137.343,504
504,JasonWitten,TE,2.078,35.326,79,-84.932,505
505,DavidBlough,QB,2.074,35.258,80,-202.147,506
506,GehrigDieter,WR,2.052,34.884,208,-137.785,507
507,TommyleeLewis,WR,2.039,34.663,209,-138.006,508
508,AntonioGandyGolden,WR,2.024,34.408,210,-138.261,509
509,DonteMoncrief,WR,2.007,34.119,211,-138.55,510
510,KahaleWarring,TE,1.954,33.218,80,-87.04,511
511,QadreeOllison,RB,1.947,33.099,141,-96.934,512
512,AndreRoberts,WR,1.919,32.623,212,-140.046,513
513,VyncintSmith,WR,1.915,32.555,213,-140.114,514
514,TrentonCannon,RB,1.9,32.3,142,-97.733,515
515,CJProsise,RB,1.9,32.3,143,-97.733,516
516,DanielBrown,WR,1.898,32.266,214,-140.403,517
517,RyanNall,RB,1.871,31.807,144,-98.226,518
518,DevinAsiasi,TE,1.862,31.654,81,-88.604,519
519,PennyHart,WR,1.85,31.45,215,-141.219,520
520,JoshHill,TE,1.845,31.365,82,-88.893,521
521,LukeStocker,TE,1.82,30.94,83,-89.318,522
522,MarcusKemp,WR,1.817,30.889,216,-141.78,523
523,KhariBlasingame,RB,1.806,30.702,145,-99.331,524
524,JamesProche,WR,1.788,30.396,217,-142.273,525
525,JojoNatson,WR,1.784,30.328,218,-142.341,526
526,JonathanWard,RB,1.771,30.107,146,-99.926,527
527,NickKeizer,TE,1.757,29.869,84,-90.389,528
528,CethanCarter,TE,1.732,29.444,85,-90.814,529
529,MyColePruitt,TE,1.726,29.342,86,-90.916,530
530,DedeWestbrook,WR,1.725,29.325,219,-143.344,531
531,DeAndreCarter,WR,1.722,29.274,220,-143.395,532
532,TannerHudson,TE,1.718,29.206,87,-91.052,533
533,ChrisManhertz,TE,1.714,29.138,88,-91.12,534
534,DemetriusHarris,TE,1.705,28.985,89,-91.273,535
535,ChandlerCox,RB,1.691,28.747,147,-101.286,536
536,JasonCroom,TE,1.684,28.628,90,-91.63,537
537,DaltonKeene,TE,1.666,28.322,91,-91.936,538
538,JohnnyMundt,TE,1.657,28.169,92,-92.089,539
539,DeonYelder,TE,1.653,28.101,93,-92.157,540
540,LevineToilolo,TE,1.646,27.982,94,-92.276,541
541,ColbyParkinson,TE,1.629,27.693,95,-92.565,542
542,TonyBrooksJames,RB,1.586,26.962,148,-103.071,543
543,KeithSmith,RB,1.576,26.792,149,-103.241,544
544,EricSaubert,TE,1.559,26.503,96,-93.755,545
545,AlexArmah,RB,1.556,26.452,150,-103.581,546
546,CharlieWoerner,TE,1.555,26.435,97,-93.823,547
547,BrandonDillon,TE,1.55,26.35,98,-93.908,548
548,JordanThomas,TE,1.547,26.299,99,-93.959,549
549,JakobJohnson,RB,1.511,25.687,151,-104.346,550
550,BenEllefson,TE,1.495,25.415,100,-94.843,551
551,PatrickRicard,RB,1.482,25.194,152,-104.839,552
552,ReggieGilliam,TE,1.467,24.939,101,-95.319,553
553,JaedenGraham,TE,1.445,24.565,102,-95.693,554
554,JakeButt,TE,1.437,24.429,103,-95.829,555
555,ElijhaaPenny,RB,1.432,24.344,153,-105.689,556
556,DwayneWashington,RB,1.407,23.919,154,-106.114,557
557,CullenGillaspia,RB,1.389,23.613,155,-106.42,558
558,LukeWillson,TE,1.381,23.477,104,-96.781,559
559,TemarrickHemingway,TE,1.37,23.29,105,-96.968,560
560,ColinThompson,TE,1.366,23.222,106,-97.036,561
561,MichaelBurton,RB,1.354,23.018,156,-107.015,562
562,JohnLovett,TE,1.342,22.814,107,-97.444,563
563,IsaacNauta,TE,1.34,22.78,108,-97.478,564
564,MarcusBaugh,TE,1.326,22.542,109,-97.716,565
565,TrevonWesco,TE,1.31,22.27,110,-97.988,566
566,StephenCarlson,TE,1.306,22.202,111,-98.056,567
567,JeremySprinkle,TE,1.288,21.896,112,-98.362,568
568,AndyJanovich,RB,1.258,21.386,157,-108.647,569
569,DerekCarrier,TE,1.251,21.267,113,-98.991,570
570,NateSudfeld,QB,1.179,20.043,81,-217.362,571
571,SenorisePerry,RB,1.105,18.785,158,-111.248,572
572,DJFoster,RB,1.074,18.258,159,-111.775,573
573,NickBellore,RB,0.723,12.291,160,-117.742,574
574,KendallHinton,WR,0.473,8.041,221,-164.628,575
575,AnthonySherman,RB,0.243,4.131,161,-125.902,576
576,AdrianKillins,RB,-0.048,-0.816,162,-130.849,577
577,BruceMiller,RB,-0.371,-6.307,163,-136.34,578
